Sales_Person,Country,Product,Date,Amount,Boxes_Shipped
Jehu Rudeforth,UK,Mint Chip Choco,04/01/2022,"$5,320.00",180
Van Tuxwell,India,85% Dark Bars,01/08/2022,"$7,896.00",94
Gigi Bohling,India,Peanut Butter Cubes,07/07/2022,"$4,501.00",91
Jan Morforth,Australia,Peanut Butter Cubes,27/04/2022,"$12,726.00",342
Jehu Rudeforth,UK,Peanut Butter Cubes,24/02/2022,"$13,685.00",184
Van Tuxwell,India,Smooth Sliky Salty,06/06/2022,"$5,376.00",38
Oby Sorrel,UK,99% Dark & Pure,25/01/2022,"$13,685.00",176
Gunar Cockshoot,Australia,After Nines,24/03/2022,"$3,080.00",73
Jehu Rudeforth,New Zealand,50% Dark Bites,20/04/2022,"$3,990.00",59
Brien Boise,Australia,99% Dark & Pure,04/07/2022,"$2,835.00",102
Rafaelita Blaksland,UK,Smooth Sliky Salty,13/01/2022,"$4,704.00",62
Barr Faughny,USA,Orange Choco,10/03/2022,"$3,703.00",11
Mallorie Waber,Canada,Eclairs,13/01/2022,"$1,442.00",286
Karlen McCaffrey,New Zealand,Drinking Coco,28/07/2022,$168.00,156
Marney O'Breen,New Zealand,Peanut Butter Cubes,03/08/2022,"$8,379.00",173
Beverie Moffet,Australia,Organic Choco Syrup,26/01/2022,"$6,790.00",356
Van Tuxwell,Canada,Organic Choco Syrup,14/02/2022,"$4,067.00",42
Roddy Speechley,USA,Smooth Sliky Salty,05/04/2022,"$3,017.00",140
Beverie Moffet,Canada,Milk Bars,16/02/2022,"$8,799.00",250
Curtice Advani,UK,85% Dark Bars,08/06/2022,"$1,085.00",172
Brien Boise,Australia,Eclairs,27/06/2022,"$6,888.00",88
Gunar Cockshoot,USA,Spicy Special Slims,17/02/2022,"$1,267.00",157
Marney O'Breen,USA,After Nines,30/05/2022,"$4,753.00",163
Husein Augar,UK,Drinking Coco,14/03/2022,"$3,003.00",113
Kaine Padly,Australia,Eclairs,28/02/2022,"$7,672.00",115
Karlen McCaffrey,India,Fruit & Nut Bars,26/01/2022,$168.00,321
Roddy Speechley,Canada,Spicy Special Slims,09/02/2022,"$1,652.00",186
Husein Augar,USA,Eclairs,07/07/2022,"$4,025.00",112
Dennison Crosswaite,New Zealand,White Choc,05/07/2022,"$9,492.00",151
Dennison Crosswaite,New Zealand,Manuka Honey Choco,15/06/2022,"$5,061.00",301
Van Tuxwell,New Zealand,85% Dark Bars,24/05/2022,"$1,722.00",121
Rafaelita Blaksland,UK,99% Dark & Pure,29/06/2022,"$12,446.00",150
Wilone O'Kielt,Australia,Manuka Honey Choco,11/05/2022,"$4,284.00",94
Karlen McCaffrey,UK,Almond Choco,30/06/2022,"$6,839.00",133
Andria Kimpton,Canada,After Nines,11/05/2022,"$2,163.00",70
Roddy Speechley,USA,Manuka Honey Choco,22/07/2022,"$9,583.00",315
Andria Kimpton,UK,50% Dark Bites,24/08/2022,"$2,653.00",314
Kelci Walkden,New Zealand,After Nines,07/07/2022,$147.00,72
Camilla Castle,Australia,85% Dark Bars,19/05/2022,"$3,654.00",14
Karlen McCaffrey,India,Manuka Honey Choco,04/07/2022,"$2,443.00",581
Kelci Walkden,USA,After Nines,02/06/2022,$938.00,16
Karlen McCaffrey,USA,Raspberry Choco,15/04/2022,"$14,749.00",354
Mallorie Waber,Canada,Choco Coated Almonds,11/07/2022,"$4,781.00",241
Andria Kimpton,India,Spicy Special Slims,23/02/2022,"$6,307.00",142
Madelene Upcott,Canada,Almond Choco,22/08/2022,"$7,602.00",102
Kaine Padly,USA,Peanut Butter Cubes,16/02/2022,"$6,790.00",188
Van Tuxwell,USA,50% Dark Bites,13/01/2022,"$9,737.00",160
Curtice Advani,Australia,Milk Bars,14/02/2022,"$6,979.00",18
Roddy Speechley,India,Eclairs,10/06/2022,"$4,382.00",303
Curtice Advani,India,Fruit & Nut Bars,07/07/2022,"$5,243.00",176
Curtice Advani,Canada,Almond Choco,24/03/2022,"$4,865.00",70
Brien Boise,Australia,Fruit & Nut Bars,06/06/2022,"$8,575.00",23
Dotty Strutley,Australia,Drinking Coco,19/07/2022,$91.00,135
Beverie Moffet,USA,Raspberry Choco,19/04/2022,"$14,798.00",83
Marney O'Breen,India,85% Dark Bars,19/07/2022,"$2,205.00",179
Jehu Rudeforth,Canada,Drinking Coco,15/07/2022,$441.00,24
Ches Bonnell,New Zealand,Spicy Special Slims,14/02/2022,"$3,556.00",18
Brien Boise,Canada,99% Dark & Pure,18/05/2022,"$16,793.00",416
Barr Faughny,Australia,Fruit & Nut Bars,30/06/2022,"$15,421.00",55
Andria Kimpton,Australia,50% Dark Bites,02/06/2022,"$4,438.00",227
Andria Kimpton,Australia,Drinking Coco,28/06/2022,"$1,603.00",48
Marney O'Breen,Australia,Organic Choco Syrup,16/05/2022,$273.00,174
Kelci Walkden,Canada,Baker's Choco Chips,26/05/2022,"$3,073.00",302
Karlen McCaffrey,India,Almond Choco,06/07/2022,"$6,090.00",149
Oby Sorrel,India,99% Dark & Pure,27/05/2022,"$10,255.00",11
Wilone O'Kielt,Australia,Caramel Stuffed Bars,14/04/2022,"$2,030.00",11
Van Tuxwell,Australia,Organic Choco Syrup,10/08/2022,"$19,453.00",14
Camilla Castle,India,50% Dark Bites,04/07/2022,"$9,275.00",411
Oby Sorrel,India,Organic Choco Syrup,08/07/2022,"$6,181.00",56
Jan Morforth,USA,Peanut Butter Cubes,22/07/2022,"$9,037.00",102
Gigi Bohling,USA,Choco Coated Almonds,02/03/2022,"$12,313.00",103
Gigi Bohling,UK,Almond Choco,10/01/2022,"$5,642.00",9
Jehu Rudeforth,New Zealand,White Choc,11/03/2022,"$2,800.00",241
Andria Kimpton,New Zealand,Peanut Butter Cubes,20/06/2022,$959.00,265
Van Tuxwell,UK,Organic Choco Syrup,26/08/2022,"$2,002.00",214
Roddy Speechley,Canada,Milk Bars,13/07/2022,$609.00,32
Camilla Castle,USA,Spicy Special Slims,11/02/2022,"$1,274.00",244
Marney O'Breen,USA,Orange Choco,27/01/2022,"$7,595.00",181
Van Tuxwell,UK,99% Dark & Pure,31/01/2022,"$4,725.00",137
Camilla Castle,USA,White Choc,18/08/2022,"$9,681.00",24
Andria Kimpton,USA,Raspberry Choco,30/06/2022,"$14,504.00",21
Dotty Strutley,Australia,Fruit & Nut Bars,23/08/2022,$280.00,311
Brien Boise,New Zealand,Mint Chip Choco,01/08/2022,$63.00,181
Roddy Speechley,New Zealand,After Nines,25/05/2022,"$8,001.00",10
Roddy Speechley,Canada,Organic Choco Syrup,10/01/2022,"$4,032.00",82
Dennison Crosswaite,Australia,70% Dark Bites,07/02/2022,"$5,859.00",108
Karlen McCaffrey,USA,Orange Choco,12/05/2022,"$11,095.00",401
Madelene Upcott,Australia,Spicy Special Slims,07/03/2022,"$7,182.00",408
Dennison Crosswaite,Australia,85% Dark Bars,05/04/2022,"$6,881.00",420
Andria Kimpton,Canada,Caramel Stuffed Bars,03/01/2022,"$7,154.00",348
Dennison Crosswaite,UK,Eclairs,24/03/2022,"$6,188.00",270
Madelene Upcott,India,Raspberry Choco,07/07/2022,"$4,221.00",9
Van Tuxwell,USA,After Nines,26/07/2022,$630.00,264
Wilone O'Kielt,Australia,Organic Choco Syrup,07/07/2022,"$1,743.00",111
Karlen McCaffrey,Canada,50% Dark Bites,15/07/2022,"$2,919.00",65
Roddy Speechley,New Zealand,Orange Choco,01/04/2022,$49.00,97
Beverie Moffet,Australia,Eclairs,20/06/2022,"$1,827.00",6
Kelci Walkden,UK,Fruit & Nut Bars,29/06/2022,"$13,006.00",482
Marney O'Breen,USA,50% Dark Bites,15/06/2022,"$1,064.00",106
Husein Augar,USA,After Nines,08/04/2022,"$11,571.00",180
Dennison Crosswaite,Australia,Raspberry Choco,14/03/2022,"$5,740.00",31
Andria Kimpton,USA,Fruit & Nut Bars,15/07/2022,"$1,456.00",359
Kelci Walkden,India,Eclairs,19/04/2022,"$5,334.00",80
Marney O'Breen,USA,99% Dark & Pure,28/03/2022,"$4,151.00",296
Brien Boise,Canada,Spicy Special Slims,04/03/2022,"$8,106.00",101
Karlen McCaffrey,New Zealand,70% Dark Bites,02/08/2022,$126.00,40
Husein Augar,UK,Spicy Special Slims,25/08/2022,"$4,697.00",42
Marney O'Breen,USA,Almond Choco,25/02/2022,"$7,798.00",167
Kelci Walkden,India,Orange Choco,07/06/2022,"$9,408.00",138
Jan Morforth,India,Spicy Special Slims,12/04/2022,"$1,939.00",520
Ches Bonnell,India,Spicy Special Slims,06/07/2022,"$10,906.00",94
Kelci Walkden,UK,Smooth Sliky Salty,19/01/2022,"$5,929.00",175
Madelene Upcott,Australia,Fruit & Nut Bars,05/01/2022,"$5,579.00",92
Madelene Upcott,Canada,70% Dark Bites,24/01/2022,"$10,927.00",141
Wilone O'Kielt,Australia,Drinking Coco,06/04/2022,$623.00,283
Gunar Cockshoot,Australia,Fruit & Nut Bars,15/06/2022,"$6,013.00",21
Gigi Bohling,Canada,Baker's Choco Chips,28/01/2022,"$1,505.00",47
Kelci Walkden,India,Caramel Stuffed Bars,16/03/2022,$476.00,125
Rafaelita Blaksland,Australia,Drinking Coco,21/02/2022,"$11,550.00",396
Kelci Walkden,USA,Manuka Honey Choco,16/02/2022,"$17,318.00",87
Jehu Rudeforth,Canada,Spicy Special Slims,13/01/2022,"$1,848.00",27
Kelci Walkden,Australia,Eclairs,23/03/2022,"$7,273.00",547
Curtice Advani,Canada,Spicy Special Slims,16/06/2022,$854.00,118
Oby Sorrel,India,Raspberry Choco,14/04/2022,"$6,832.00",46
Kelci Walkden,UK,Eclairs,25/01/2022,"$4,606.00",57
Jan Morforth,India,Almond Choco,11/03/2022,"$4,466.00",22
Dotty Strutley,UK,Almond Choco,28/07/2022,"$16,114.00",96
Marney O'Breen,New Zealand,After Nines,09/03/2022,"$1,561.00",44
Husein Augar,Australia,Orange Choco,28/06/2022,"$8,897.00",188
Marney O'Breen,Australia,Milk Bars,28/07/2022,"$2,464.00",387
Kelci Walkden,Canada,99% Dark & Pure,15/08/2022,"$4,830.00",50
Kaine Padly,Australia,Manuka Honey Choco,12/01/2022,"$2,765.00",264
Beverie Moffet,New Zealand,White Choc,24/03/2022,"$7,126.00",7
Van Tuxwell,UK,Milk Bars,25/07/2022,"$4,263.00",90
Oby Sorrel,Canada,99% Dark & Pure,01/08/2022,"$3,605.00",403
Van Tuxwell,India,Organic Choco Syrup,16/05/2022,"$19,929.00",174
Roddy Speechley,India,Smooth Sliky Salty,10/08/2022,"$5,103.00",140
Jan Morforth,India,Eclairs,05/01/2022,"$2,541.00",27
Ches Bonnell,UK,Smooth Sliky Salty,11/07/2022,"$5,663.00",110
Wilone O'Kielt,USA,After Nines,25/04/2022,$392.00,30
Gigi Bohling,New Zealand,Fruit & Nut Bars,04/04/2022,"$10,976.00",121
Barr Faughny,USA,Raspberry Choco,12/04/2022,"$9,282.00",101
Wilone O'Kielt,New Zealand,85% Dark Bars,02/08/2022,"$1,827.00",117
Gigi Bohling,New Zealand,Manuka Honey Choco,28/06/2022,"$8,267.00",272
Ches Bonnell,Australia,Eclairs,05/07/2022,"$4,116.00",128
Rafaelita Blaksland,New Zealand,Choco Coated Almonds,07/06/2022,"$2,093.00",45
Brien Boise,New Zealand,Smooth Sliky Salty,18/01/2022,"$1,015.00",27
Brien Boise,Australia,Baker's Choco Chips,04/01/2022,"$12,516.00",212
Dennison Crosswaite,Australia,99% Dark & Pure,31/01/2022,"$2,758.00",18
Kelci Walkden,India,Almond Choco,14/03/2022,"$3,297.00",149
Camilla Castle,Australia,70% Dark Bites,29/04/2022,"$6,048.00",477
Oby Sorrel,India,Smooth Sliky Salty,07/02/2022,"$10,101.00",108
Kaine Padly,UK,Organic Choco Syrup,31/03/2022,"$2,282.00",178
Marney O'Breen,India,Caramel Stuffed Bars,16/03/2022,"$4,361.00",81
Karlen McCaffrey,UK,Eclairs,25/01/2022,"$7,798.00",196
Van Tuxwell,India,Baker's Choco Chips,20/06/2022,"$3,052.00",447
Gigi Bohling,UK,After Nines,29/03/2022,"$8,029.00",175
Curtice Advani,Australia,Orange Choco,12/07/2022,$854.00,136
Jehu Rudeforth,Canada,Smooth Sliky Salty,11/07/2022,"$5,460.00",138
Karlen McCaffrey,Canada,Smooth Sliky Salty,19/01/2022,"$3,017.00",184
Andria Kimpton,USA,85% Dark Bars,05/04/2022,"$8,911.00",82
Jehu Rudeforth,Canada,Milk Bars,21/02/2022,"$7,203.00",12
Rafaelita Blaksland,New Zealand,Caramel Stuffed Bars,20/05/2022,"$13,083.00",14
Mallorie Waber,Australia,Milk Bars,29/07/2022,"$2,779.00",104
Barr Faughny,USA,Fruit & Nut Bars,28/01/2022,"$9,058.00",46
Marney O'Breen,UK,Caramel Stuffed Bars,19/07/2022,"$3,549.00",112
Mallorie Waber,New Zealand,Manuka Honey Choco,13/04/2022,"$9,436.00",11
Roddy Speechley,India,Peanut Butter Cubes,11/02/2022,"$10,283.00",21
Roddy Speechley,New Zealand,Milk Bars,02/03/2022,"$5,446.00",116
Ches Bonnell,Australia,White Choc,02/03/2022,"$1,043.00",202
Van Tuxwell,USA,99% Dark & Pure,28/07/2022,"$12,586.00",6
Kelci Walkden,India,After Nines,07/01/2022,"$1,687.00",520
Brien Boise,UK,White Choc,12/04/2022,"$5,299.00",167
Van Tuxwell,Canada,Almond Choco,27/06/2022,"$3,213.00",72
Jehu Rudeforth,Australia,50% Dark Bites,14/01/2022,"$5,194.00",418
Karlen McCaffrey,UK,Baker's Choco Chips,07/02/2022,"$4,753.00",389
Jehu Rudeforth,Australia,Orange Choco,23/03/2022,"$13,706.00",26
Marney O'Breen,India,Peanut Butter Cubes,10/01/2022,"$6,489.00",146
Oby Sorrel,UK,Choco Coated Almonds,17/03/2022,"$9,324.00",41
Gigi Bohling,USA,Spicy Special Slims,21/01/2022,"$10,829.00",54
Barr Faughny,Australia,White Choc,04/07/2022,"$8,113.00",370
Kaine Padly,Canada,Peanut Butter Cubes,04/07/2022,"$3,269.00",176
Dotty Strutley,USA,Manuka Honey Choco,10/08/2022,$273.00,210
Dennison Crosswaite,Australia,50% Dark Bites,01/04/2022,"$7,287.00",12
Gigi Bohling,India,Raspberry Choco,22/02/2022,"$2,583.00",159
Camilla Castle,UK,White Choc,03/01/2022,"$9,982.00",187
Karlen McCaffrey,India,Drinking Coco,31/05/2022,"$4,795.00",233
Dotty Strutley,UK,99% Dark & Pure,03/01/2022,"$9,310.00",282
Husein Augar,New Zealand,Caramel Stuffed Bars,27/01/2022,$497.00,475
Barr Faughny,UK,50% Dark Bites,28/01/2022,$581.00,65
Curtice Advani,Australia,Organic Choco Syrup,28/06/2022,"$3,472.00",311
Husein Augar,UK,Choco Coated Almonds,02/03/2022,"$4,333.00",43
Wilone O'Kielt,Australia,After Nines,27/05/2022,"$3,325.00",26
Dennison Crosswaite,USA,Almond Choco,30/06/2022,"$11,718.00",84
Barr Faughny,Canada,Peanut Butter Cubes,07/06/2022,"$2,100.00",78
Kaine Padly,USA,70% Dark Bites,12/05/2022,"$4,018.00",100
Barr Faughny,New Zealand,Raspberry Choco,29/07/2022,"$6,468.00",66
Dennison Crosswaite,UK,White Choc,03/08/2022,"$7,238.00",265
Barr Faughny,India,Baker's Choco Chips,18/08/2022,"$6,454.00",141
Van Tuxwell,New Zealand,Smooth Sliky Salty,14/06/2022,"$3,115.00",42
Beverie Moffet,UK,White Choc,30/06/2022,"$6,475.00",76
Camilla Castle,New Zealand,Mint Chip Choco,13/06/2022,"$1,162.00",190
Ches Bonnell,UK,Orange Choco,27/04/2022,"$14,238.00",54
Jan Morforth,Australia,White Choc,27/07/2022,"$3,472.00",32
Mallorie Waber,Canada,85% Dark Bars,20/04/2022,"$1,428.00",424
Rafaelita Blaksland,India,Spicy Special Slims,04/01/2022,"$8,064.00",134
Ches Bonnell,Australia,Mint Chip Choco,21/02/2022,"$9,660.00",92
Karlen McCaffrey,Australia,White Choc,05/01/2022,"$7,357.00",48
Beverie Moffet,India,Drinking Coco,15/07/2022,"$6,055.00",46
Brien Boise,Australia,Choco Coated Almonds,25/05/2022,"$5,124.00",62
Karlen McCaffrey,Canada,Eclairs,20/04/2022,"$3,479.00",358
Gigi Bohling,USA,99% Dark & Pure,02/06/2022,$784.00,249
Marney O'Breen,UK,Smooth Sliky Salty,13/05/2022,"$18,991.00",88
Beverie Moffet,New Zealand,Baker's Choco Chips,03/08/2022,"$1,372.00",144
Beverie Moffet,Australia,Milk Bars,25/05/2022,$735.00,390
Van Tuxwell,UK,Raspberry Choco,16/03/2022,"$6,538.00",79
Jan Morforth,Australia,Orange Choco,04/07/2022,"$3,199.00",122
Jehu Rudeforth,India,50% Dark Bites,05/07/2022,"$3,472.00",135
Madelene Upcott,USA,After Nines,15/03/2022,"$4,571.00",430
Barr Faughny,UK,Raspberry Choco,22/08/2022,"$5,481.00",69
Ches Bonnell,Australia,70% Dark Bites,12/01/2022,"$3,136.00",125
Marney O'Breen,UK,Baker's Choco Chips,10/06/2022,$252.00,154
Kaine Padly,Australia,Peanut Butter Cubes,25/03/2022,"$5,460.00",286
Rafaelita Blaksland,India,Almond Choco,27/07/2022,"$3,395.00",99
Husein Augar,UK,Caramel Stuffed Bars,15/04/2022,"$14,938.00",433
Roddy Speechley,India,Orange Choco,27/06/2022,"$4,053.00",19
Jehu Rudeforth,UK,70% Dark Bites,14/04/2022,"$5,565.00",258
Husein Augar,Australia,Manuka Honey Choco,15/03/2022,"$7,161.00",92
Madelene Upcott,USA,Eclairs,18/03/2022,"$8,883.00",200
Brien Boise,India,Eclairs,29/04/2022,"$1,351.00",61
Mallorie Waber,New Zealand,White Choc,25/02/2022,"$3,171.00",246
Husein Augar,USA,Milk Bars,02/03/2022,$854.00,56
Van Tuxwell,Australia,Milk Bars,20/06/2022,"$7,910.00",87
Beverie Moffet,Canada,White Choc,15/07/2022,"$9,275.00",173
Dotty Strutley,Australia,50% Dark Bites,12/05/2022,"$3,108.00",252
Mallorie Waber,New Zealand,Organic Choco Syrup,01/07/2022,"$5,075.00",256
Husein Augar,USA,85% Dark Bars,08/08/2022,$378.00,54
Madelene Upcott,Australia,50% Dark Bites,25/07/2022,"$7,350.00",6
Wilone O'Kielt,UK,Drinking Coco,18/05/2022,"$3,388.00",55
Camilla Castle,India,Peanut Butter Cubes,15/07/2022,"$11,837.00",277
Curtice Advani,India,70% Dark Bites,05/07/2022,"$2,282.00",44
Mallorie Waber,USA,Manuka Honey Choco,04/07/2022,"$5,425.00",96
Dotty Strutley,UK,70% Dark Bites,20/06/2022,"$1,267.00",216
Gunar Cockshoot,Australia,Almond Choco,25/01/2022,"$3,752.00",424
Kaine Padly,New Zealand,Spicy Special Slims,01/07/2022,"$7,728.00",37
Gigi Bohling,USA,50% Dark Bites,13/04/2022,"$2,296.00",59
Beverie Moffet,UK,Smooth Sliky Salty,04/05/2022,"$4,403.00",76
Beverie Moffet,Australia,Baker's Choco Chips,04/08/2022,"$3,192.00",109
Beverie Moffet,India,70% Dark Bites,01/06/2022,$448.00,146
Jehu Rudeforth,UK,Choco Coated Almonds,22/04/2022,"$4,270.00",185
Kaine Padly,USA,50% Dark Bites,03/08/2022,$70.00,27
Ches Bonnell,USA,Orange Choco,10/06/2022,"$1,743.00",69
Gunar Cockshoot,UK,Manuka Honey Choco,27/06/2022,"$6,762.00",46
Marney O'Breen,Australia,Smooth Sliky Salty,03/01/2022,"$3,745.00",170
Marney O'Breen,India,After Nines,11/07/2022,"$2,639.00",179
Ches Bonnell,New Zealand,Milk Bars,17/08/2022,"$4,389.00",126
Rafaelita Blaksland,USA,Fruit & Nut Bars,18/01/2022,"$2,604.00",65
Ches Bonnell,India,Organic Choco Syrup,08/03/2022,"$16,569.00",99
Mallorie Waber,Australia,Orange Choco,07/03/2022,"$14,658.00",275
Husein Augar,India,70% Dark Bites,09/05/2022,"$6,454.00",157
Barr Faughny,New Zealand,85% Dark Bars,23/05/2022,"$2,100.00",157
Madelene Upcott,UK,Caramel Stuffed Bars,15/04/2022,$161.00,145
Gigi Bohling,Australia,Drinking Coco,27/07/2022,"$2,807.00",139
Marney O'Breen,Canada,Choco Coated Almonds,22/08/2022,"$2,639.00",406
Ches Bonnell,USA,70% Dark Bites,11/05/2022,"$4,571.00",122
Madelene Upcott,India,Organic Choco Syrup,26/01/2022,"$4,781.00",38
Barr Faughny,USA,50% Dark Bites,14/04/2022,"$13,034.00",117
Dennison Crosswaite,New Zealand,Mint Chip Choco,05/04/2022,"$6,454.00",417
Marney O'Breen,New Zealand,Smooth Sliky Salty,14/06/2022,"$8,484.00",57
Brien Boise,Canada,Almond Choco,13/04/2022,"$4,781.00",125
Beverie Moffet,Australia,White Choc,27/06/2022,"$2,240.00",166
Dotty Strutley,Australia,Eclairs,26/01/2022,"$6,979.00",3
Barr Faughny,UK,White Choc,05/07/2022,"$1,652.00",72
Beverie Moffet,Canada,Baker's Choco Chips,11/01/2022,"$13,447.00",95
Kelci Walkden,USA,White Choc,07/03/2022,"$9,422.00",22
Kaine Padly,Canada,50% Dark Bites,04/03/2022,"$8,687.00",100
Karlen McCaffrey,Canada,Organic Choco Syrup,15/07/2022,"$2,415.00",312
Kaine Padly,UK,Peanut Butter Cubes,11/05/2022,"$6,272.00",86
Karlen McCaffrey,USA,Milk Bars,27/01/2022,"$4,389.00",7
Karlen McCaffrey,India,Orange Choco,27/06/2022,"$3,122.00",149
Ches Bonnell,India,Smooth Sliky Salty,03/08/2022,"$8,043.00",18
Wilone O'Kielt,New Zealand,Mint Chip Choco,19/08/2022,"$11,662.00",242
Wilone O'Kielt,Australia,Fruit & Nut Bars,15/06/2022,$392.00,102
Dennison Crosswaite,UK,Peanut Butter Cubes,07/02/2022,"$8,925.00",158
Karlen McCaffrey,Australia,Almond Choco,08/07/2022,"$7,294.00",128
Dennison Crosswaite,India,Milk Bars,21/04/2022,"$1,526.00",96
Ches Bonnell,UK,Mint Chip Choco,08/04/2022,"$2,688.00",209
Husein Augar,Australia,50% Dark Bites,19/08/2022,"$14,889.00",52
Jan Morforth,India,Fruit & Nut Bars,04/05/2022,"$2,912.00",55
Mallorie Waber,USA,85% Dark Bars,11/05/2022,"$2,632.00",108
Mallorie Waber,USA,Eclairs,22/03/2022,"$6,328.00",51
Dennison Crosswaite,Canada,Spicy Special Slims,10/08/2022,"$2,527.00",216
Dennison Crosswaite,USA,Fruit & Nut Bars,04/05/2022,"$1,414.00",318
Kelci Walkden,USA,99% Dark & Pure,18/08/2022,"$7,714.00",238
Dotty Strutley,Canada,Raspberry Choco,03/08/2022,"$4,347.00",238
Marney O'Breen,New Zealand,Milk Bars,14/01/2022,"$7,490.00",315
Madelene Upcott,Australia,Choco Coated Almonds,08/04/2022,"$2,058.00",72
Kelci Walkden,UK,Orange Choco,01/08/2022,"$3,640.00",3
Dennison Crosswaite,Canada,Eclairs,15/03/2022,$455.00,45
Karlen McCaffrey,India,Mint Chip Choco,15/07/2022,"$10,990.00",184
Barr Faughny,New Zealand,Almond Choco,13/01/2022,"$5,558.00",127
Mallorie Waber,Australia,85% Dark Bars,26/08/2022,"$2,541.00",53
Ches Bonnell,Canada,Eclairs,10/01/2022,"$1,876.00",172
Gigi Bohling,Australia,White Choc,11/05/2022,"$5,523.00",87
Beverie Moffet,New Zealand,85% Dark Bars,30/08/2022,"$11,200.00",22
Kaine Padly,USA,Caramel Stuffed Bars,21/07/2022,"$5,593.00",122
Mallorie Waber,Australia,Almond Choco,01/08/2022,"$7,882.00",125
Brien Boise,Canada,85% Dark Bars,17/02/2022,"$10,241.00",259
Brien Boise,Australia,Drinking Coco,27/07/2022,"$6,832.00",156
Dotty Strutley,USA,Orange Choco,23/02/2022,"$1,379.00",107
Rafaelita Blaksland,Australia,50% Dark Bites,22/03/2022,"$3,010.00",40
Dennison Crosswaite,India,99% Dark & Pure,23/06/2022,"$6,888.00",311
Curtice Advani,UK,White Choc,01/02/2022,"$1,540.00",73
Kelci Walkden,Australia,After Nines,02/03/2022,"$6,916.00",288
Gigi Bohling,UK,Fruit & Nut Bars,06/04/2022,"$1,232.00",86
Gunar Cockshoot,Australia,Raspberry Choco,17/03/2022,$602.00,72
Curtice Advani,UK,Fruit & Nut Bars,24/06/2022,"$10,927.00",136
Barr Faughny,Canada,50% Dark Bites,19/07/2022,"$10,185.00",303
Curtice Advani,USA,Spicy Special Slims,11/07/2022,"$1,603.00",264
Brien Boise,India,Almond Choco,13/01/2022,"$2,170.00",218
Oby Sorrel,New Zealand,Smooth Sliky Salty,07/07/2022,"$8,673.00",60
Jan Morforth,India,85% Dark Bars,25/05/2022,"$4,760.00",418
Marney O'Breen,India,Fruit & Nut Bars,13/04/2022,"$4,753.00",151
Andria Kimpton,New Zealand,50% Dark Bites,02/03/2022,"$3,374.00",202
Gunar Cockshoot,Canada,Raspberry Choco,23/06/2022,"$2,058.00",126
Kelci Walkden,USA,Drinking Coco,26/07/2022,"$6,454.00",160
Van Tuxwell,Canada,White Choc,22/03/2022,$420.00,3
Rafaelita Blaksland,USA,Baker's Choco Chips,09/06/2022,"$2,863.00",58
Van Tuxwell,Australia,Caramel Stuffed Bars,17/05/2022,"$5,936.00",59
Ches Bonnell,New Zealand,Peanut Butter Cubes,04/03/2022,$889.00,273
Kelci Walkden,Canada,Milk Bars,07/07/2022,"$16,016.00",28
Dennison Crosswaite,Canada,Choco Coated Almonds,13/01/2022,"$10,479.00",118
Curtice Advani,Australia,Almond Choco,13/07/2022,"$2,912.00",75
Madelene Upcott,Australia,85% Dark Bars,16/06/2022,"$1,575.00",329
Gigi Bohling,UK,50% Dark Bites,18/07/2022,"$8,197.00",69
Ches Bonnell,UK,Manuka Honey Choco,30/05/2022,"$4,221.00",395
Gigi Bohling,UK,70% Dark Bites,21/06/2022,$840.00,81
Jehu Rudeforth,Australia,Peanut Butter Cubes,24/06/2022,"$5,691.00",38
Marney O'Breen,India,Eclairs,13/01/2022,"$3,472.00",96
Curtice Advani,Canada,Fruit & Nut Bars,04/04/2022,"$4,193.00",195
Kaine Padly,UK,Smooth Sliky Salty,08/06/2022,"$9,016.00",554
Karlen McCaffrey,Canada,Spicy Special Slims,02/08/2022,"$6,328.00",47
Kelci Walkden,USA,Organic Choco Syrup,21/07/2022,"$9,870.00",152
Curtice Advani,India,Spicy Special Slims,20/06/2022,$161.00,134
Roddy Speechley,India,After Nines,22/06/2022,"$2,576.00",112
Camilla Castle,Australia,Caramel Stuffed Bars,02/05/2022,"$3,178.00",16
Curtice Advani,Australia,99% Dark & Pure,07/01/2022,"$4,676.00",84
Mallorie Waber,UK,50% Dark Bites,21/02/2022,"$5,502.00",99
Ches Bonnell,Canada,Baker's Choco Chips,21/03/2022,"$7,462.00",371
Van Tuxwell,UK,Drinking Coco,04/04/2022,"$5,803.00",136
Gunar Cockshoot,Canada,Fruit & Nut Bars,24/03/2022,"$13,888.00",203
Gunar Cockshoot,New Zealand,Spicy Special Slims,28/06/2022,"$6,867.00",183
Gunar Cockshoot,Australia,Drinking Coco,14/01/2022,"$2,317.00",195
Karlen McCaffrey,New Zealand,Fruit & Nut Bars,07/02/2022,"$1,218.00",135
Dennison Crosswaite,New Zealand,Drinking Coco,11/01/2022,"$4,109.00",197
Jehu Rudeforth,India,99% Dark & Pure,25/02/2022,"$1,953.00",242
Dotty Strutley,Australia,Mint Chip Choco,01/08/2022,"$6,790.00",25
Roddy Speechley,Australia,Mint Chip Choco,05/05/2022,"$6,797.00",252
Madelene Upcott,New Zealand,Raspberry Choco,18/05/2022,"$9,226.00",415
Dotty Strutley,New Zealand,Choco Coated Almonds,04/01/2022,"$5,733.00",348
Roddy Speechley,New Zealand,50% Dark Bites,09/05/2022,"$4,312.00",211
Rafaelita Blaksland,India,Smooth Sliky Salty,06/05/2022,"$1,638.00",81
Husein Augar,UK,White Choc,13/01/2022,"$10,815.00",145
Roddy Speechley,Australia,Almond Choco,24/06/2022,"$4,466.00",74
Van Tuxwell,USA,Caramel Stuffed Bars,14/02/2022,$987.00,21
Camilla Castle,Australia,99% Dark & Pure,18/01/2022,"$4,669.00",101
Kaine Padly,India,Milk Bars,02/05/2022,"$2,905.00",91
Ches Bonnell,Australia,Smooth Sliky Salty,16/05/2022,"$7,490.00",54
Mallorie Waber,USA,Almond Choco,28/01/2022,"$6,986.00",368
Kaine Padly,Canada,99% Dark & Pure,24/06/2022,"$1,288.00",409
Oby Sorrel,UK,After Nines,18/07/2022,"$2,345.00",104
Gunar Cockshoot,UK,Eclairs,13/04/2022,"$3,619.00",164
Dotty Strutley,USA,Caramel Stuffed Bars,15/04/2022,"$16,982.00",76
Jan Morforth,India,Peanut Butter Cubes,04/01/2022,"$8,092.00",178
Husein Augar,Australia,Eclairs,04/07/2022,"$6,993.00",31
Beverie Moffet,USA,Smooth Sliky Salty,24/03/2022,"$2,317.00",352
Camilla Castle,Australia,Manuka Honey Choco,17/03/2022,$637.00,169
Oby Sorrel,Australia,Almond Choco,15/02/2022,"$6,034.00",223
Jan Morforth,USA,Orange Choco,29/06/2022,$980.00,146
Gigi Bohling,USA,Fruit & Nut Bars,24/05/2022,"$2,821.00",112
Mallorie Waber,UK,Milk Bars,10/01/2022,"$3,563.00",284
Curtice Advani,USA,Raspberry Choco,15/03/2022,"$2,996.00",139
Marney O'Breen,Canada,Milk Bars,08/02/2022,"$2,436.00",309
Brien Boise,India,Caramel Stuffed Bars,25/02/2022,"$1,540.00",100
Gunar Cockshoot,USA,Eclairs,03/05/2022,"$6,916.00",42
Roddy Speechley,USA,Fruit & Nut Bars,14/06/2022,"$5,509.00",24
Gunar Cockshoot,India,50% Dark Bites,09/08/2022,"$12,992.00",83
Wilone O'Kielt,New Zealand,Manuka Honey Choco,11/07/2022,"$3,724.00",234
Kaine Padly,UK,Manuka Honey Choco,14/01/2022,"$7,133.00",118
Van Tuxwell,Canada,Manuka Honey Choco,24/02/2022,"$8,617.00",46
Wilone O'Kielt,New Zealand,Almond Choco,15/03/2022,"$9,198.00",144
Oby Sorrel,New Zealand,Baker's Choco Chips,25/04/2022,"$11,823.00",47
Dennison Crosswaite,Australia,Organic Choco Syrup,10/05/2022,"$5,775.00",41
Marney O'Breen,Australia,Spicy Special Slims,23/06/2022,"$13,125.00",275
Beverie Moffet,Canada,Smooth Sliky Salty,28/02/2022,"$14,287.00",370
Brien Boise,USA,Organic Choco Syrup,25/05/2022,"$16,233.00",138
Roddy Speechley,New Zealand,Baker's Choco Chips,22/02/2022,"$5,313.00",215
Van Tuxwell,UK,85% Dark Bars,11/07/2022,"$3,577.00",134
Marney O'Breen,Canada,Spicy Special Slims,03/01/2022,"$3,528.00",336
Rafaelita Blaksland,New Zealand,70% Dark Bites,24/08/2022,$679.00,280
Beverie Moffet,USA,50% Dark Bites,28/07/2022,"$2,450.00",352
Brien Boise,USA,Mint Chip Choco,25/05/2022,"$10,577.00",150
Karlen McCaffrey,New Zealand,Eclairs,06/05/2022,"$2,597.00",177
Barr Faughny,India,Drinking Coco,28/01/2022,"$2,219.00",142
Marney O'Breen,UK,Orange Choco,06/06/2022,"$11,319.00",12
Brien Boise,New Zealand,Baker's Choco Chips,12/07/2022,"$5,978.00",24
Ches Bonnell,Canada,Spicy Special Slims,05/08/2022,"$5,327.00",183
Brien Boise,USA,Orange Choco,28/01/2022,"$6,020.00",147
Kaine Padly,India,Spicy Special Slims,31/08/2022,"$5,614.00",137
Mallorie Waber,USA,50% Dark Bites,19/04/2022,"$1,736.00",13
Mallorie Waber,UK,Mint Chip Choco,29/06/2022,"$6,384.00",2
Beverie Moffet,India,Choco Coated Almonds,24/02/2022,"$3,577.00",261
Madelene Upcott,UK,Smooth Sliky Salty,04/03/2022,"$14,539.00",84
Gigi Bohling,India,Eclairs,21/06/2022,"$3,493.00",68
Rafaelita Blaksland,Australia,Organic Choco Syrup,26/01/2022,$994.00,105
Oby Sorrel,New Zealand,White Choc,10/06/2022,"$4,361.00",40
Andria Kimpton,UK,Drinking Coco,23/05/2022,"$1,554.00",65
Kelci Walkden,India,Milk Bars,15/04/2022,$966.00,107
Karlen McCaffrey,New Zealand,Caramel Stuffed Bars,31/01/2022,"$5,334.00",227
Andria Kimpton,New Zealand,Organic Choco Syrup,04/03/2022,"$4,935.00",39
Barr Faughny,New Zealand,After Nines,19/04/2022,"$10,024.00",84
Beverie Moffet,UK,Almond Choco,16/05/2022,"$2,506.00",100
Oby Sorrel,Australia,Raspberry Choco,17/02/2022,"$1,043.00",120
Dennison Crosswaite,USA,Raspberry Choco,18/01/2022,"$6,524.00",257
Roddy Speechley,Canada,Orange Choco,09/02/2022,"$8,148.00",85
Mallorie Waber,Canada,Orange Choco,23/03/2022,"$3,577.00",178
Madelene Upcott,New Zealand,Caramel Stuffed Bars,01/02/2022,"$3,374.00",151
Mallorie Waber,India,Drinking Coco,07/03/2022,"$3,948.00",142
Ches Bonnell,UK,White Choc,03/01/2022,"$3,269.00",226
Ches Bonnell,USA,White Choc,11/02/2022,"$5,271.00",341
Dennison Crosswaite,New Zealand,Orange Choco,16/03/2022,"$4,571.00",140
Dotty Strutley,India,White Choc,15/08/2022,"$12,327.00",330
Gigi Bohling,India,Manuka Honey Choco,12/05/2022,"$4,935.00",73
Van Tuxwell,India,Spicy Special Slims,11/04/2022,"$6,167.00",4
Jan Morforth,New Zealand,Mint Chip Choco,30/06/2022,"$18,340.00",285
Dotty Strutley,New Zealand,White Choc,15/06/2022,"$7,014.00",60
Rafaelita Blaksland,Canada,Caramel Stuffed Bars,01/08/2022,"$7,119.00",101
Kaine Padly,USA,Milk Bars,15/06/2022,"$15,491.00",58
Brien Boise,India,After Nines,16/06/2022,"$5,747.00",45
Oby Sorrel,New Zealand,Raspberry Choco,13/05/2022,"$4,550.00",281
Dennison Crosswaite,USA,Drinking Coco,10/05/2022,"$2,191.00",138
Oby Sorrel,India,Eclairs,25/08/2022,"$5,663.00",322
Ches Bonnell,New Zealand,Organic Choco Syrup,15/07/2022,"$7,623.00",85
Gigi Bohling,UK,Baker's Choco Chips,16/05/2022,"$9,023.00",409
Jan Morforth,Australia,50% Dark Bites,14/06/2022,"$3,402.00",182
Beverie Moffet,Australia,Smooth Sliky Salty,25/01/2022,"$10,507.00",467
Ches Bonnell,USA,Organic Choco Syrup,28/07/2022,"$7,721.00",14
Brien Boise,Canada,Mint Chip Choco,28/01/2022,"$5,033.00",178
Kaine Padly,UK,Orange Choco,29/06/2022,"$1,960.00",191
Karlen McCaffrey,Australia,70% Dark Bites,24/06/2022,$238.00,317
Gunar Cockshoot,Canada,Mint Chip Choco,01/07/2022,"$7,756.00",410
Roddy Speechley,USA,Peanut Butter Cubes,25/02/2022,"$1,736.00",137
Curtice Advani,Canada,Smooth Sliky Salty,01/08/2022,"$2,660.00",12
Oby Sorrel,Australia,Milk Bars,21/06/2022,"$7,672.00",254
Camilla Castle,New Zealand,Spicy Special Slims,25/01/2022,"$11,564.00",24
Gigi Bohling,UK,Milk Bars,17/05/2022,"$1,365.00",232
Andria Kimpton,Australia,85% Dark Bars,23/08/2022,"$4,186.00",233
Camilla Castle,Australia,Smooth Sliky Salty,03/03/2022,"$7,406.00",118
Roddy Speechley,India,Caramel Stuffed Bars,30/05/2022,"$8,911.00",543
Karlen McCaffrey,USA,Drinking Coco,29/06/2022,$112.00,223
Andria Kimpton,Canada,Organic Choco Syrup,04/01/2022,"$8,204.00",204
Jehu Rudeforth,Australia,Drinking Coco,14/01/2022,"$2,611.00",65
Karlen McCaffrey,USA,Mint Chip Choco,15/02/2022,"$15,652.00",53
Curtice Advani,New Zealand,Spicy Special Slims,10/01/2022,"$4,074.00",469
Madelene Upcott,USA,White Choc,04/05/2022,"$12,250.00",213
Andria Kimpton,USA,Spicy Special Slims,23/05/2022,"$2,366.00",5
Barr Faughny,New Zealand,Fruit & Nut Bars,26/04/2022,"$1,687.00",147
Oby Sorrel,Canada,Organic Choco Syrup,05/07/2022,"$1,232.00",74
Madelene Upcott,UK,Organic Choco Syrup,21/07/2022,"$6,965.00",163
Dotty Strutley,USA,Mint Chip Choco,21/02/2022,"$5,292.00",248
Kelci Walkden,USA,Orange Choco,03/02/2022,"$1,379.00",138
Gigi Bohling,Australia,Caramel Stuffed Bars,08/07/2022,"$8,001.00",151
Mallorie Waber,India,50% Dark Bites,31/05/2022,$588.00,139
Van Tuxwell,New Zealand,Mint Chip Choco,27/06/2022,"$4,046.00",103
Van Tuxwell,India,50% Dark Bites,13/05/2022,"$5,103.00",129
Van Tuxwell,USA,Manuka Honey Choco,31/05/2022,"$2,317.00",102
Wilone O'Kielt,USA,Orange Choco,28/02/2022,"$7,042.00",37
Barr Faughny,New Zealand,Eclairs,28/03/2022,"$6,713.00",31
Gigi Bohling,USA,After Nines,14/01/2022,"$1,848.00",227
Barr Faughny,New Zealand,Mint Chip Choco,21/02/2022,"$6,440.00",145
Dennison Crosswaite,Canada,85% Dark Bars,01/08/2022,"$10,885.00",90
Beverie Moffet,New Zealand,Smooth Sliky Salty,19/05/2022,"$2,387.00",59
Husein Augar,USA,White Choc,13/07/2022,"$2,030.00",60
Andria Kimpton,Australia,Peanut Butter Cubes,20/04/2022,"$6,678.00",148
Dennison Crosswaite,India,85% Dark Bars,30/06/2022,"$4,515.00",22
Curtice Advani,UK,50% Dark Bites,08/03/2022,"$3,374.00",142
Gunar Cockshoot,USA,Fruit & Nut Bars,09/03/2022,"$5,852.00",93
Oby Sorrel,Canada,Raspberry Choco,16/06/2022,"$1,750.00",208
Gigi Bohling,UK,Drinking Coco,30/06/2022,"$5,782.00",42
Kelci Walkden,India,Mint Chip Choco,28/07/2022,"$2,870.00",120
Karlen McCaffrey,Canada,Peanut Butter Cubes,12/08/2022,"$3,094.00",159
Barr Faughny,UK,Mint Chip Choco,07/07/2022,"$3,724.00",316
Barr Faughny,USA,85% Dark Bars,25/08/2022,"$12,761.00",47
Husein Augar,Canada,Eclairs,17/01/2022,"$3,696.00",233
Jan Morforth,Australia,70% Dark Bites,04/03/2022,"$5,222.00",384
Marney O'Breen,New Zealand,Fruit & Nut Bars,25/08/2022,"$8,939.00",4
Ches Bonnell,UK,Peanut Butter Cubes,15/04/2022,"$2,156.00",260
Kaine Padly,USA,Organic Choco Syrup,11/03/2022,"$2,380.00",22
Camilla Castle,USA,Raspberry Choco,20/05/2022,"$3,339.00",18
Brien Boise,New Zealand,Manuka Honey Choco,14/06/2022,"$14,980.00",42
Jehu Rudeforth,New Zealand,After Nines,14/04/2022,"$1,512.00",73
Jehu Rudeforth,USA,Smooth Sliky Salty,07/07/2022,"$6,657.00",154
Madelene Upcott,India,Mint Chip Choco,24/08/2022,"$3,836.00",71
Jehu Rudeforth,India,Eclairs,24/02/2022,"$8,771.00",127
Karlen McCaffrey,Canada,Raspberry Choco,09/05/2022,$651.00,224
Kaine Padly,Australia,70% Dark Bites,08/02/2022,"$6,706.00",223
Roddy Speechley,UK,70% Dark Bites,24/03/2022,"$1,421.00",284
Rafaelita Blaksland,USA,Drinking Coco,20/06/2022,"$8,526.00",73
Mallorie Waber,Canada,Manuka Honey Choco,07/03/2022,"$1,435.00",112
Kaine Padly,Australia,Fruit & Nut Bars,20/06/2022,"$7,434.00",85
Oby Sorrel,New Zealand,Organic Choco Syrup,17/02/2022,"$15,316.00",270
Madelene Upcott,UK,99% Dark & Pure,26/01/2022,"$10,479.00",45
Madelene Upcott,Australia,Mint Chip Choco,02/05/2022,"$2,751.00",153
Curtice Advani,Canada,99% Dark & Pure,07/07/2022,"$12,586.00",7
Rafaelita Blaksland,Australia,Baker's Choco Chips,22/08/2022,"$2,786.00",51
Karlen McCaffrey,Australia,After Nines,11/08/2022,"$2,303.00",67
Marney O'Breen,UK,99% Dark & Pure,13/01/2022,"$8,113.00",194
Gunar Cockshoot,Australia,50% Dark Bites,02/03/2022,"$12,271.00",116
Marney O'Breen,Australia,Choco Coated Almonds,27/07/2022,"$11,298.00",41
Kelci Walkden,New Zealand,Drinking Coco,10/03/2022,"$15,855.00",111
Beverie Moffet,USA,85% Dark Bars,23/08/2022,"$12,404.00",334
Roddy Speechley,USA,Eclairs,25/04/2022,"$3,990.00",155
Dennison Crosswaite,UK,Milk Bars,07/03/2022,"$10,808.00",407
Wilone O'Kielt,UK,Organic Choco Syrup,12/07/2022,"$4,858.00",52
Madelene Upcott,USA,Orange Choco,16/05/2022,"$7,742.00",138
Gunar Cockshoot,India,Smooth Sliky Salty,02/03/2022,"$3,752.00",70
Marney O'Breen,New Zealand,85% Dark Bars,30/05/2022,"$1,218.00",149
Marney O'Breen,UK,Manuka Honey Choco,10/06/2022,"$10,983.00",179
Brien Boise,USA,99% Dark & Pure,25/07/2022,"$6,769.00",353
Beverie Moffet,New Zealand,Mint Chip Choco,09/06/2022,"$4,361.00",97
Dennison Crosswaite,USA,Milk Bars,12/05/2022,$777.00,60
Gunar Cockshoot,USA,Drinking Coco,09/05/2022,"$3,843.00",5
Brien Boise,Canada,Manuka Honey Choco,09/08/2022,"$6,930.00",182
Van Tuxwell,India,Choco Coated Almonds,13/04/2022,"$5,733.00",114
Andria Kimpton,USA,Caramel Stuffed Bars,02/05/2022,"$8,393.00",46
Dotty Strutley,USA,99% Dark & Pure,09/08/2022,"$3,822.00",320
Camilla Castle,Australia,Raspberry Choco,23/08/2022,"$6,342.00",178
Gunar Cockshoot,India,Spicy Special Slims,13/05/2022,"$6,510.00",170
Karlen McCaffrey,USA,Manuka Honey Choco,01/02/2022,"$10,171.00",67
Camilla Castle,USA,50% Dark Bites,23/06/2022,"$5,908.00",301
Madelene Upcott,UK,Choco Coated Almonds,24/05/2022,"$10,164.00",134
Jan Morforth,Canada,Mint Chip Choco,01/04/2022,"$1,064.00",211
Camilla Castle,Canada,70% Dark Bites,27/07/2022,"$9,716.00",151
Ches Bonnell,India,Peanut Butter Cubes,27/01/2022,"$22,050.00",208
Jan Morforth,India,Choco Coated Almonds,12/08/2022,"$2,541.00",134
Gigi Bohling,Canada,Almond Choco,01/02/2022,"$9,989.00",49
Rafaelita Blaksland,India,After Nines,02/03/2022,"$4,739.00",204
Kelci Walkden,Australia,99% Dark & Pure,30/06/2022,"$3,185.00",34
Dotty Strutley,Australia,Spicy Special Slims,17/01/2022,"$8,225.00",91
Brien Boise,USA,Milk Bars,07/07/2022,"$14,301.00",130
Mallorie Waber,New Zealand,Mint Chip Choco,31/01/2022,"$1,316.00",107
Beverie Moffet,UK,99% Dark & Pure,10/08/2022,"$3,486.00",121
Beverie Moffet,USA,Peanut Butter Cubes,18/08/2022,"$13,930.00",339
Brien Boise,New Zealand,White Choc,15/06/2022,"$5,509.00",321
Marney O'Breen,USA,Baker's Choco Chips,26/01/2022,"$8,470.00",9
Kelci Walkden,USA,Spicy Special Slims,29/04/2022,$77.00,69
Mallorie Waber,Canada,White Choc,03/03/2022,"$3,381.00",72
Kaine Padly,Australia,Almond Choco,22/02/2022,"$4,102.00",392
Oby Sorrel,USA,Smooth Sliky Salty,04/03/2022,"$3,577.00",158
Dennison Crosswaite,India,Smooth Sliky Salty,07/07/2022,"$2,975.00",9
Camilla Castle,New Zealand,Caramel Stuffed Bars,17/06/2022,"$4,137.00",347
Jan Morforth,Canada,Caramel Stuffed Bars,02/08/2022,"$9,541.00",114
Oby Sorrel,USA,Baker's Choco Chips,12/08/2022,"$8,001.00",120
Madelene Upcott,New Zealand,Peanut Butter Cubes,28/01/2022,"$5,152.00",333
Kelci Walkden,Australia,Orange Choco,29/04/2022,"$11,116.00",432
Marney O'Breen,Australia,Manuka Honey Choco,05/04/2022,"$13,076.00",236
Kaine Padly,Canada,Manuka Honey Choco,18/01/2022,"$10,213.00",135
Jehu Rudeforth,UK,Baker's Choco Chips,16/05/2022,"$2,485.00",97
Kelci Walkden,Australia,White Choc,24/08/2022,"$8,715.00",168
Curtice Advani,India,85% Dark Bars,18/01/2022,$273.00,402
Kaine Padly,USA,Eclairs,22/08/2022,"$7,623.00",10
Gunar Cockshoot,UK,99% Dark & Pure,07/03/2022,$7.00,84
Beverie Moffet,UK,Choco Coated Almonds,04/03/2022,"$3,010.00",69
Dotty Strutley,Canada,Manuka Honey Choco,22/04/2022,"$11,550.00",111
Kaine Padly,Australia,Milk Bars,09/06/2022,"$4,046.00",89
Jan Morforth,Canada,Fruit & Nut Bars,25/07/2022,"$8,904.00",199
Jan Morforth,India,Smooth Sliky Salty,03/08/2022,"$11,298.00",89
Rafaelita Blaksland,Australia,Manuka Honey Choco,03/08/2022,"$4,396.00",131
Jehu Rudeforth,UK,Milk Bars,03/05/2022,"$12,068.00",227
Husein Augar,Canada,After Nines,19/01/2022,"$9,772.00",301
Roddy Speechley,USA,50% Dark Bites,11/02/2022,"$10,458.00",316
Van Tuxwell,India,Almond Choco,14/06/2022,"$6,426.00",390
Kelci Walkden,USA,50% Dark Bites,23/03/2022,"$6,188.00",223
Madelene Upcott,Canada,85% Dark Bars,17/02/2022,"$7,504.00",101
Dennison Crosswaite,Canada,Smooth Sliky Salty,17/03/2022,"$1,750.00",479
Mallorie Waber,Australia,Spicy Special Slims,29/06/2022,"$5,439.00",287
Ches Bonnell,Canada,Choco Coated Almonds,24/08/2022,"$15,547.00",269
Gigi Bohling,Canada,Spicy Special Slims,04/07/2022,"$11,956.00",277
Roddy Speechley,New Zealand,Almond Choco,28/03/2022,"$2,723.00",67
Curtice Advani,India,Smooth Sliky Salty,19/04/2022,"$19,327.00",135
Ches Bonnell,New Zealand,Mint Chip Choco,18/01/2022,"$9,058.00",229
Van Tuxwell,New Zealand,Fruit & Nut Bars,17/01/2022,"$2,996.00",88
Andria Kimpton,New Zealand,Mint Chip Choco,15/02/2022,"$8,848.00",211
Andria Kimpton,UK,Milk Bars,11/02/2022,"$14,336.00",293
Camilla Castle,USA,Manuka Honey Choco,21/03/2022,"$16,401.00",179
Gunar Cockshoot,New Zealand,Almond Choco,05/01/2022,"$5,173.00",129
Brien Boise,India,Raspberry Choco,30/05/2022,"$6,328.00",164
Jehu Rudeforth,USA,99% Dark & Pure,04/01/2022,"$2,534.00",219
Beverie Moffet,Australia,Fruit & Nut Bars,22/04/2022,"$1,435.00",258
Gigi Bohling,Canada,Milk Bars,10/02/2022,"$3,052.00",116
Dotty Strutley,India,Spicy Special Slims,12/08/2022,$910.00,204
Gunar Cockshoot,USA,Organic Choco Syrup,10/08/2022,"$2,331.00",321
Kelci Walkden,Australia,Raspberry Choco,07/06/2022,$679.00,56
Jehu Rudeforth,India,Baker's Choco Chips,06/06/2022,"$2,086.00",74
Karlen McCaffrey,New Zealand,Baker's Choco Chips,05/04/2022,"$5,012.00",189
Wilone O'Kielt,USA,50% Dark Bites,18/04/2022,"$4,501.00",131
Andria Kimpton,India,50% Dark Bites,31/01/2022,"$13,482.00",15
Madelene Upcott,USA,Baker's Choco Chips,22/08/2022,"$5,621.00",140
Jehu Rudeforth,Australia,99% Dark & Pure,25/02/2022,"$10,486.00",198
Jan Morforth,Australia,Mint Chip Choco,22/02/2022,"$17,626.00",103
Oby Sorrel,New Zealand,Milk Bars,12/01/2022,"$4,494.00",187
Brien Boise,UK,Almond Choco,25/05/2022,$105.00,125
Kelci Walkden,India,Smooth Sliky Salty,01/02/2022,"$2,464.00",8
Rafaelita Blaksland,UK,Eclairs,27/04/2022,"$1,379.00",70
Gigi Bohling,USA,Smooth Sliky Salty,22/07/2022,"$2,583.00",126
Curtice Advani,New Zealand,Mint Chip Choco,26/01/2022,"$3,220.00",265
Curtice Advani,USA,Mint Chip Choco,24/08/2022,"$4,802.00",296
Madelene Upcott,New Zealand,Fruit & Nut Bars,18/01/2022,"$5,677.00",21
Karlen McCaffrey,India,85% Dark Bars,30/03/2022,$945.00,83
Ches Bonnell,Australia,Caramel Stuffed Bars,17/01/2022,"$8,757.00",162
Kelci Walkden,USA,Fruit & Nut Bars,17/02/2022,"$4,816.00",145
Kelci Walkden,Canada,Peanut Butter Cubes,08/04/2022,"$7,532.00",44
Gigi Bohling,Canada,Drinking Coco,06/07/2022,"$3,549.00",82
Husein Augar,India,Fruit & Nut Bars,04/04/2022,"$4,340.00",226
Jan Morforth,New Zealand,Organic Choco Syrup,02/03/2022,"$1,799.00",207
Gigi Bohling,New Zealand,Raspberry Choco,09/08/2022,"$1,127.00",176
Dennison Crosswaite,Australia,Milk Bars,09/06/2022,"$10,038.00",286
Ches Bonnell,UK,Caramel Stuffed Bars,02/06/2022,"$2,926.00",300
Van Tuxwell,USA,Fruit & Nut Bars,05/07/2022,"$6,279.00",235
Andria Kimpton,Canada,Eclairs,11/08/2022,$308.00,125
Madelene Upcott,India,Choco Coated Almonds,11/02/2022,"$3,500.00",145
Kelci Walkden,New Zealand,Spicy Special Slims,11/08/2022,$658.00,65
Roddy Speechley,Australia,Drinking Coco,12/05/2022,"$12,565.00",102
Wilone O'Kielt,USA,Milk Bars,15/07/2022,"$5,012.00",93
Andria Kimpton,India,Organic Choco Syrup,18/01/2022,"$3,955.00",134
Madelene Upcott,UK,Fruit & Nut Bars,05/01/2022,"$8,512.00",189
Curtice Advani,Australia,50% Dark Bites,29/06/2022,$504.00,232
Brien Boise,Canada,Raspberry Choco,14/06/2022,"$2,800.00",45
Gunar Cockshoot,India,Mint Chip Choco,08/08/2022,"$4,256.00",67
Dennison Crosswaite,India,Mint Chip Choco,23/03/2022,"$13,573.00",138
Barr Faughny,India,Caramel Stuffed Bars,04/01/2022,"$6,566.00",99
Brien Boise,India,Milk Bars,22/02/2022,"$13,503.00",251
Beverie Moffet,UK,Spicy Special Slims,17/02/2022,"$8,680.00",252
Barr Faughny,USA,Almond Choco,03/02/2022,$385.00,78
Van Tuxwell,Canada,Raspberry Choco,17/03/2022,"$1,267.00",130
Wilone O'Kielt,Australia,Baker's Choco Chips,25/01/2022,"$2,961.00",154
Brien Boise,Australia,Milk Bars,27/07/2022,"$1,981.00",52
Husein Augar,Australia,Fruit & Nut Bars,28/01/2022,"$7,959.00",53
Madelene Upcott,Australia,Organic Choco Syrup,05/07/2022,"$10,794.00",50
Van Tuxwell,India,White Choc,15/03/2022,"$1,897.00",44
Gunar Cockshoot,Canada,After Nines,04/08/2022,"$2,744.00",200
Jan Morforth,USA,Fruit & Nut Bars,27/06/2022,"$4,382.00",361
Jan Morforth,Canada,After Nines,13/07/2022,"$4,515.00",172
Barr Faughny,New Zealand,Manuka Honey Choco,24/02/2022,"$5,474.00",239
Karlen McCaffrey,New Zealand,85% Dark Bars,28/06/2022,"$6,069.00",55
Oby Sorrel,Australia,85% Dark Bars,30/06/2022,"$6,944.00",27
Curtice Advani,Canada,Choco Coated Almonds,18/08/2022,"$5,859.00",7
Kaine Padly,India,70% Dark Bites,24/01/2022,"$12,173.00",301
Beverie Moffet,USA,White Choc,11/03/2022,"$5,292.00",134
Ches Bonnell,New Zealand,After Nines,23/06/2022,"$5,705.00",350
Husein Augar,India,Spicy Special Slims,22/08/2022,"$2,492.00",33
Gunar Cockshoot,Canada,50% Dark Bites,04/01/2022,"$3,024.00",23
Curtice Advani,India,Milk Bars,05/04/2022,"$3,437.00",201
Beverie Moffet,India,Milk Bars,15/04/2022,"$1,869.00",323
Husein Augar,Australia,White Choc,11/05/2022,"$3,171.00",220
Andria Kimpton,Canada,Manuka Honey Choco,21/07/2022,"$4,858.00",488
Jan Morforth,New Zealand,Orange Choco,11/02/2022,"$1,225.00",84
Andria Kimpton,Canada,Smooth Sliky Salty,08/07/2022,"$1,155.00",79
Gunar Cockshoot,UK,Raspberry Choco,11/08/2022,"$6,811.00",344
Husein Augar,New Zealand,After Nines,04/08/2022,"$6,433.00",7
Andria Kimpton,New Zealand,Orange Choco,14/06/2022,"$8,169.00",88
Dennison Crosswaite,UK,Baker's Choco Chips,17/01/2022,"$2,275.00",275
Jehu Rudeforth,Canada,Orange Choco,23/06/2022,"$3,857.00",512
Jehu Rudeforth,UK,Smooth Sliky Salty,24/08/2022,"$1,463.00",113
Andria Kimpton,UK,Caramel Stuffed Bars,07/06/2022,"$7,924.00",275
Jan Morforth,UK,White Choc,22/06/2022,"$8,799.00",47
Dotty Strutley,USA,Fruit & Nut Bars,13/07/2022,"$2,898.00",276
Kelci Walkden,UK,Choco Coated Almonds,24/05/2022,"$9,506.00",212
Gunar Cockshoot,New Zealand,After Nines,09/08/2022,"$7,175.00",145
Kaine Padly,Canada,85% Dark Bars,06/04/2022,"$1,729.00",31
Jan Morforth,New Zealand,Manuka Honey Choco,28/07/2022,"$1,589.00",271
Gunar Cockshoot,New Zealand,Raspberry Choco,24/08/2022,$630.00,52
Van Tuxwell,Australia,99% Dark & Pure,17/01/2022,$112.00,128
Curtice Advani,USA,Drinking Coco,07/02/2022,"$5,187.00",142
Brien Boise,Australia,Spicy Special Slims,09/05/2022,"$6,223.00",256
Mallorie Waber,New Zealand,85% Dark Bars,06/06/2022,"$7,714.00",106
Wilone O'Kielt,USA,Choco Coated Almonds,06/06/2022,"$9,457.00",6
Beverie Moffet,New Zealand,Organic Choco Syrup,24/05/2022,"$6,678.00",226
Gunar Cockshoot,UK,50% Dark Bites,13/01/2022,"$2,107.00",121
Marney O'Breen,USA,Raspberry Choco,23/05/2022,"$6,069.00",151
Jehu Rudeforth,UK,White Choc,29/06/2022,"$1,862.00",284
Jehu Rudeforth,New Zealand,85% Dark Bars,11/03/2022,"$6,972.00",89
Dotty Strutley,USA,85% Dark Bars,25/04/2022,"$10,220.00",508
Rafaelita Blaksland,Australia,Smooth Sliky Salty,30/05/2022,"$3,969.00",243
Curtice Advani,India,Manuka Honey Choco,23/05/2022,"$1,547.00",170
Mallorie Waber,USA,Peanut Butter Cubes,23/05/2022,"$1,162.00",18
Van Tuxwell,Canada,Peanut Butter Cubes,24/06/2022,"$6,342.00",282
Kelci Walkden,New Zealand,Smooth Sliky Salty,11/03/2022,"$10,633.00",277
Rafaelita Blaksland,USA,Smooth Sliky Salty,27/07/2022,"$15,057.00",212
Rafaelita Blaksland,USA,White Choc,16/08/2022,"$4,704.00",126
Roddy Speechley,Canada,Smooth Sliky Salty,07/03/2022,"$9,338.00",11
Curtice Advani,New Zealand,After Nines,05/04/2022,"$7,959.00",30
Camilla Castle,India,85% Dark Bars,04/05/2022,"$9,023.00",51
Ches Bonnell,USA,Choco Coated Almonds,04/01/2022,"$14,525.00",92
Marney O'Breen,Australia,Baker's Choco Chips,13/01/2022,"$5,810.00",101
Wilone O'Kielt,New Zealand,Fruit & Nut Bars,11/07/2022,"$6,426.00",98
Kaine Padly,Australia,Mint Chip Choco,17/05/2022,"$4,403.00",159
Camilla Castle,New Zealand,Peanut Butter Cubes,21/07/2022,"$1,582.00",62
Curtice Advani,Canada,Organic Choco Syrup,22/02/2022,$791.00,22
Jan Morforth,India,99% Dark & Pure,23/05/2022,"$9,100.00",187
Rafaelita Blaksland,Canada,Drinking Coco,12/07/2022,"$9,884.00",200
Jan Morforth,UK,Orange Choco,15/06/2022,"$3,780.00",201
Barr Faughny,New Zealand,50% Dark Bites,23/06/2022,"$4,557.00",308
Curtice Advani,Australia,Eclairs,25/03/2022,"$5,796.00",55
Jan Morforth,India,Caramel Stuffed Bars,04/07/2022,$84.00,153
Andria Kimpton,UK,White Choc,12/05/2022,"$9,037.00",101
Camilla Castle,New Zealand,Raspberry Choco,04/04/2022,"$4,746.00",137
Madelene Upcott,Australia,Orange Choco,15/04/2022,"$6,713.00",398
Roddy Speechley,Canada,Eclairs,08/03/2022,"$6,237.00",88
Karlen McCaffrey,India,White Choc,17/01/2022,"$7,483.00",232
Wilone O'Kielt,India,Mint Chip Choco,22/08/2022,"$1,309.00",51
Andria Kimpton,UK,99% Dark & Pure,25/07/2022,"$1,155.00",66
Marney O'Breen,UK,50% Dark Bites,14/06/2022,"$2,989.00",124
Ches Bonnell,India,Choco Coated Almonds,05/04/2022,"$9,625.00",78
Madelene Upcott,UK,Raspberry Choco,26/08/2022,"$7,357.00",341
Wilone O'Kielt,Australia,50% Dark Bites,03/08/2022,"$10,031.00",114
Gigi Bohling,Canada,White Choc,11/07/2022,"$6,587.00",4
Wilone O'Kielt,New Zealand,Eclairs,11/03/2022,"$3,311.00",22
Brien Boise,UK,Peanut Butter Cubes,10/01/2022,"$15,330.00",30
Roddy Speechley,UK,Baker's Choco Chips,04/04/2022,"$14,028.00",351
Karlen McCaffrey,Australia,50% Dark Bites,17/01/2022,"$6,678.00",708
Marney O'Breen,New Zealand,Organic Choco Syrup,08/07/2022,"$8,624.00",50
Jan Morforth,UK,Organic Choco Syrup,12/04/2022,"$1,197.00",356
Rafaelita Blaksland,Canada,Fruit & Nut Bars,24/08/2022,$483.00,185
Ches Bonnell,UK,Choco Coated Almonds,07/06/2022,"$1,687.00",236
Gunar Cockshoot,Canada,Almond Choco,28/07/2022,"$1,309.00",30
Husein Augar,USA,99% Dark & Pure,21/02/2022,"$9,534.00",111
Dennison Crosswaite,Canada,Mint Chip Choco,08/04/2022,"$1,694.00",289
Brien Boise,UK,Manuka Honey Choco,28/06/2022,$70.00,103
Van Tuxwell,UK,Baker's Choco Chips,24/03/2022,"$2,443.00",20
Barr Faughny,Australia,Caramel Stuffed Bars,29/07/2022,"$2,933.00",55
Dennison Crosswaite,USA,Eclairs,25/05/2022,"$2,044.00",90
Gigi Bohling,Australia,Raspberry Choco,30/03/2022,"$6,524.00",303
Dennison Crosswaite,USA,Organic Choco Syrup,18/07/2022,"$12,656.00",126
Beverie Moffet,Canada,Orange Choco,10/05/2022,"$8,722.00",109
Mallorie Waber,Australia,Choco Coated Almonds,18/03/2022,"$15,750.00",92
Ches Bonnell,India,Caramel Stuffed Bars,15/06/2022,"$6,839.00",56
Van Tuxwell,Canada,50% Dark Bites,12/05/2022,"$13,685.00",58
Kelci Walkden,New Zealand,Baker's Choco Chips,23/06/2022,"$2,912.00",110
Beverie Moffet,India,Spicy Special Slims,21/04/2022,"$3,339.00",171
Gigi Bohling,Australia,Almond Choco,17/08/2022,$910.00,117
Rafaelita Blaksland,New Zealand,Eclairs,07/02/2022,"$19,481.00",51
Kelci Walkden,Canada,Smooth Sliky Salty,17/03/2022,"$8,099.00",118
Jan Morforth,India,Baker's Choco Chips,01/08/2022,"$13,727.00",79
Jehu Rudeforth,Australia,Milk Bars,18/03/2022,"$8,659.00",29
Gigi Bohling,Canada,Fruit & Nut Bars,14/06/2022,"$5,782.00",103
Beverie Moffet,UK,Eclairs,22/04/2022,"$8,463.00",155
Marney O'Breen,New Zealand,Eclairs,18/01/2022,"$4,914.00",31
Husein Augar,Australia,99% Dark & Pure,26/08/2022,"$3,087.00",128
Gunar Cockshoot,New Zealand,Fruit & Nut Bars,10/06/2022,"$9,205.00",419
Curtice Advani,Canada,70% Dark Bites,31/01/2022,"$2,303.00",7
Kelci Walkden,New Zealand,Manuka Honey Choco,08/04/2022,"$1,358.00",106
Dotty Strutley,Australia,Baker's Choco Chips,07/06/2022,"$3,605.00",68
Barr Faughny,Australia,85% Dark Bars,10/02/2022,"$8,498.00",44
Beverie Moffet,Australia,50% Dark Bites,16/05/2022,$700.00,457
Gunar Cockshoot,India,Baker's Choco Chips,18/03/2022,"$2,191.00",524
Van Tuxwell,Australia,50% Dark Bites,13/07/2022,$644.00,137
Oby Sorrel,USA,Manuka Honey Choco,25/07/2022,"$4,340.00",86
Van Tuxwell,Canada,Choco Coated Almonds,19/08/2022,"$2,282.00",296
Karlen McCaffrey,Canada,70% Dark Bites,24/06/2022,"$7,714.00",597
Kelci Walkden,Canada,Fruit & Nut Bars,20/06/2022,$826.00,149
Camilla Castle,India,99% Dark & Pure,02/08/2022,$203.00,207
Madelene Upcott,New Zealand,70% Dark Bites,22/02/2022,"$13,356.00",93
Mallorie Waber,New Zealand,Orange Choco,01/02/2022,"$6,510.00",23
Jan Morforth,Canada,70% Dark Bites,14/02/2022,"$5,894.00",305
Kelci Walkden,Australia,Milk Bars,24/02/2022,"$7,910.00",125
Dennison Crosswaite,India,Orange Choco,18/03/2022,$784.00,129
Husein Augar,UK,Eclairs,30/08/2022,"$1,750.00",252
Gigi Bohling,USA,Peanut Butter Cubes,09/05/2022,$280.00,75
Wilone O'Kielt,USA,Smooth Sliky Salty,18/01/2022,$504.00,87
Curtice Advani,India,White Choc,04/07/2022,"$7,154.00",342
Oby Sorrel,New Zealand,Spicy Special Slims,03/06/2022,"$1,617.00",13
Beverie Moffet,New Zealand,Peanut Butter Cubes,23/02/2022,"$10,822.00",30
Dotty Strutley,New Zealand,99% Dark & Pure,09/05/2022,"$10,724.00",203
Kelci Walkden,India,70% Dark Bites,06/06/2022,"$3,640.00",106
Kelci Walkden,India,Drinking Coco,04/07/2022,"$7,532.00",234
Brien Boise,New Zealand,Drinking Coco,06/06/2022,"$1,582.00",100
Dotty Strutley,Australia,Almond Choco,13/05/2022,"$1,456.00",91
Wilone O'Kielt,New Zealand,Organic Choco Syrup,31/01/2022,"$2,016.00",277
Ches Bonnell,New Zealand,Caramel Stuffed Bars,30/06/2022,"$7,588.00",42
Barr Faughny,Canada,Manuka Honey Choco,25/08/2022,"$3,402.00",249
Gigi Bohling,New Zealand,Smooth Sliky Salty,10/01/2022,$700.00,97
Brien Boise,USA,Manuka Honey Choco,22/08/2022,"$1,904.00",8
Roddy Speechley,New Zealand,85% Dark Bars,14/04/2022,"$4,844.00",275
Oby Sorrel,UK,Smooth Sliky Salty,31/05/2022,"$9,625.00",313
Oby Sorrel,UK,Raspberry Choco,08/04/2022,"$4,599.00",323
Roddy Speechley,USA,Drinking Coco,21/02/2022,"$3,003.00",155
Andria Kimpton,Australia,Manuka Honey Choco,30/03/2022,"$9,744.00",377
Mallorie Waber,India,Raspberry Choco,02/03/2022,"$1,400.00",2
Jehu Rudeforth,USA,Orange Choco,28/07/2022,$364.00,170
Kaine Padly,New Zealand,70% Dark Bites,24/03/2022,"$7,231.00",38
Curtice Advani,Australia,After Nines,11/08/2022,$63.00,105
Husein Augar,UK,Almond Choco,17/05/2022,"$8,309.00",166
Kaine Padly,Canada,Choco Coated Almonds,18/05/2022,"$3,164.00",164
Roddy Speechley,UK,Peanut Butter Cubes,17/08/2022,"$5,691.00",171
Ches Bonnell,New Zealand,Eclairs,04/04/2022,$490.00,49
Brien Boise,India,85% Dark Bars,09/08/2022,"$18,032.00",205
Brien Boise,New Zealand,Organic Choco Syrup,17/01/2022,$637.00,313
Andria Kimpton,Canada,White Choc,14/02/2022,"$4,067.00",29
Gigi Bohling,New Zealand,Orange Choco,16/05/2022,"$8,204.00",307
Ches Bonnell,Canada,Smooth Sliky Salty,16/03/2022,"$9,870.00",121
Husein Augar,Canada,70% Dark Bites,31/01/2022,"$5,131.00",285
Barr Faughny,Canada,Organic Choco Syrup,10/03/2022,"$1,141.00",205
Oby Sorrel,UK,Organic Choco Syrup,30/06/2022,"$7,980.00",157
Van Tuxwell,New Zealand,Eclairs,01/03/2022,"$5,229.00",182
Mallorie Waber,UK,Drinking Coco,27/05/2022,"$3,423.00",100
Oby Sorrel,UK,Milk Bars,11/07/2022,"$6,468.00",223
Karlen McCaffrey,New Zealand,Mint Chip Choco,02/03/2022,"$4,326.00",61
Jehu Rudeforth,USA,Raspberry Choco,04/03/2022,"$7,154.00",133
Kelci Walkden,UK,85% Dark Bars,23/06/2022,"$3,997.00",228
Kelci Walkden,USA,Almond Choco,27/01/2022,"$5,180.00",233
Marney O'Breen,Canada,Orange Choco,14/01/2022,"$2,723.00",425
Dennison Crosswaite,India,Fruit & Nut Bars,29/07/2022,$952.00,24
Brien Boise,Canada,Smooth Sliky Salty,13/05/2022,"$5,691.00",495
Barr Faughny,Canada,Baker's Choco Chips,03/02/2022,"$10,969.00",170
Brien Boise,India,Smooth Sliky Salty,27/05/2022,"$5,964.00",26
Jan Morforth,Australia,Drinking Coco,18/02/2022,"$2,821.00",24
Brien Boise,India,Spicy Special Slims,28/01/2022,"$1,302.00",33
Van Tuxwell,UK,Eclairs,29/06/2022,"$5,474.00",109
Wilone O'Kielt,India,Caramel Stuffed Bars,13/01/2022,"$4,179.00",276
Jehu Rudeforth,UK,After Nines,27/06/2022,"$1,946.00",164
Barr Faughny,Canada,White Choc,29/03/2022,"$4,291.00",1
Gunar Cockshoot,India,Organic Choco Syrup,03/06/2022,"$7,196.00",160
Mallorie Waber,Canada,Smooth Sliky Salty,21/03/2022,"$1,939.00",98
Mallorie Waber,India,Eclairs,12/04/2022,"$10,437.00",46
Rafaelita Blaksland,Australia,Raspberry Choco,19/01/2022,"$6,916.00",259
Karlen McCaffrey,UK,50% Dark Bites,06/04/2022,"$3,647.00",310
Kaine Padly,Australia,50% Dark Bites,02/08/2022,"$8,995.00",78
Gigi Bohling,Australia,Eclairs,12/04/2022,"$7,252.00",136
Oby Sorrel,India,Drinking Coco,21/07/2022,"$16,380.00",130
Van Tuxwell,New Zealand,Baker's Choco Chips,22/03/2022,"$9,660.00",24
Husein Augar,India,Peanut Butter Cubes,09/05/2022,"$4,522.00",5
Andria Kimpton,Australia,Baker's Choco Chips,09/08/2022,$329.00,109
Madelene Upcott,Canada,Choco Coated Almonds,20/07/2022,"$3,458.00",294
Brien Boise,India,70% Dark Bites,14/04/2022,"$4,641.00",413
Jehu Rudeforth,Canada,White Choc,25/01/2022,"$4,627.00",136
Andria Kimpton,Australia,Almond Choco,25/04/2022,"$3,192.00",175
Dotty Strutley,Canada,After Nines,17/01/2022,$252.00,237
Karlen McCaffrey,USA,Eclairs,15/08/2022,$868.00,125
Karlen McCaffrey,Canada,Fruit & Nut Bars,02/06/2022,$210.00,16
Gunar Cockshoot,USA,85% Dark Bars,30/06/2022,"$7,007.00",135
Dotty Strutley,New Zealand,Raspberry Choco,10/02/2022,"$5,845.00",91
Marney O'Breen,Canada,Caramel Stuffed Bars,23/02/2022,"$1,372.00",614
Dennison Crosswaite,India,Organic Choco Syrup,27/01/2022,"$8,428.00",216
Camilla Castle,UK,Mint Chip Choco,26/05/2022,"$4,977.00",317
Brien Boise,USA,70% Dark Bites,14/04/2022,"$1,694.00",21
Madelene Upcott,Australia,99% Dark & Pure,01/08/2022,"$4,326.00",154
Mallorie Waber,Australia,Eclairs,22/08/2022,"$9,527.00",222
Marney O'Breen,India,99% Dark & Pure,22/07/2022,"$10,766.00",157
Husein Augar,USA,Fruit & Nut Bars,28/04/2022,"$1,288.00",27
Kelci Walkden,Australia,Almond Choco,30/05/2022,"$4,879.00",350
Ches Bonnell,USA,Milk Bars,21/07/2022,"$2,408.00",157
Jan Morforth,UK,Caramel Stuffed Bars,02/08/2022,"$3,094.00",468
Brien Boise,New Zealand,70% Dark Bites,15/06/2022,"$7,231.00",130
Oby Sorrel,India,85% Dark Bars,05/07/2022,"$8,981.00",130
Kaine Padly,New Zealand,Smooth Sliky Salty,12/04/2022,$7.00,518
Gigi Bohling,Australia,70% Dark Bites,18/08/2022,"$1,372.00",105
Jan Morforth,UK,50% Dark Bites,12/01/2022,"$5,250.00",293
Gunar Cockshoot,Canada,White Choc,11/08/2022,"$7,560.00",15
Jehu Rudeforth,Australia,Spicy Special Slims,13/01/2022,"$5,012.00",384
Husein Augar,UK,Baker's Choco Chips,29/04/2022,"$3,038.00",135
Rafaelita Blaksland,New Zealand,After Nines,07/07/2022,"$1,099.00",92
Madelene Upcott,New Zealand,Mint Chip Choco,11/03/2022,"$7,413.00",4
Madelene Upcott,UK,70% Dark Bites,16/02/2022,"$5,397.00",239
Barr Faughny,Australia,Organic Choco Syrup,07/01/2022,"$2,303.00",33
Beverie Moffet,New Zealand,Drinking Coco,12/01/2022,"$1,141.00",518
Beverie Moffet,India,Eclairs,09/06/2022,"$10,325.00",147
Andria Kimpton,India,Eclairs,16/05/2022,"$2,149.00",84
Gigi Bohling,UK,85% Dark Bars,23/06/2022,"$12,362.00",94
Roddy Speechley,UK,Raspberry Choco,28/01/2022,"$12,635.00",194
Dotty Strutley,UK,Mint Chip Choco,14/07/2022,"$2,443.00",216
Barr Faughny,Canada,Drinking Coco,18/04/2022,"$6,237.00",247
Oby Sorrel,USA,Milk Bars,14/06/2022,"$1,736.00",79
Oby Sorrel,UK,Orange Choco,15/04/2022,"$7,315.00",237
Curtice Advani,Canada,Peanut Butter Cubes,19/05/2022,"$4,935.00",63
Gigi Bohling,India,White Choc,13/04/2022,"$1,393.00",172
Husein Augar,Canada,Choco Coated Almonds,15/08/2022,"$3,381.00",408
Wilone O'Kielt,India,Choco Coated Almonds,22/08/2022,"$2,933.00",233
Wilone O'Kielt,New Zealand,Baker's Choco Chips,22/04/2022,"$3,836.00",59
Kaine Padly,UK,Choco Coated Almonds,03/08/2022,"$8,022.00",123
Dennison Crosswaite,New Zealand,Organic Choco Syrup,04/01/2022,$371.00,229
Kelci Walkden,Canada,After Nines,13/01/2022,"$16,702.00",198
Van Tuxwell,Australia,Baker's Choco Chips,11/05/2022,"$13,258.00",32
Husein Augar,New Zealand,Peanut Butter Cubes,16/02/2022,"$2,058.00",236
Kaine Padly,UK,Caramel Stuffed Bars,20/05/2022,"$10,192.00",67
Jehu Rudeforth,UK,Drinking Coco,03/02/2022,"$7,140.00",438
Beverie Moffet,India,Manuka Honey Choco,06/05/2022,"$9,835.00",167
Gunar Cockshoot,UK,Choco Coated Almonds,30/06/2022,"$5,775.00",135
Gunar Cockshoot,UK,Smooth Sliky Salty,22/03/2022,$749.00,148
Camilla Castle,Canada,Orange Choco,17/02/2022,"$7,770.00",54
Jehu Rudeforth,UK,85% Dark Bars,07/07/2022,"$5,502.00",64
Oby Sorrel,UK,70% Dark Bites,16/03/2022,"$6,223.00",181
Kelci Walkden,UK,99% Dark & Pure,12/08/2022,"$3,507.00",114
Gigi Bohling,New Zealand,After Nines,21/01/2022,"$5,600.00",181
Oby Sorrel,Australia,50% Dark Bites,06/05/2022,$721.00,151
Oby Sorrel,Canada,50% Dark Bites,24/06/2022,"$6,615.00",137
Barr Faughny,USA,White Choc,05/05/2022,"$7,420.00",163
Rafaelita Blaksland,New Zealand,99% Dark & Pure,25/03/2022,"$3,164.00",84
Curtice Advani,Australia,Caramel Stuffed Bars,14/02/2022,"$9,114.00",140
Curtice Advani,New Zealand,85% Dark Bars,12/05/2022,"$5,404.00",187
Barr Faughny,New Zealand,Smooth Sliky Salty,25/01/2022,"$3,990.00",169
Ches Bonnell,UK,85% Dark Bars,28/06/2022,"$14,924.00",12
Dennison Crosswaite,Australia,Drinking Coco,13/07/2022,"$7,091.00",194
Roddy Speechley,USA,Milk Bars,16/05/2022,"$2,807.00",252
Jan Morforth,India,After Nines,14/03/2022,"$6,496.00",168
Gunar Cockshoot,USA,After Nines,15/08/2022,"$3,738.00",261
Ches Bonnell,India,Orange Choco,16/02/2022,"$1,190.00",256
Mallorie Waber,UK,Manuka Honey Choco,15/06/2022,"$8,379.00",43
Barr Faughny,Australia,Raspberry Choco,27/05/2022,"$9,268.00",100
Wilone O'Kielt,USA,Drinking Coco,14/06/2022,"$1,029.00",98
Wilone O'Kielt,India,Eclairs,25/02/2022,"$3,549.00",76
Wilone O'Kielt,India,After Nines,04/08/2022,"$12,026.00",262
Kelci Walkden,India,99% Dark & Pure,28/06/2022,"$2,303.00",244
Gunar Cockshoot,Canada,Spicy Special Slims,05/04/2022,"$13,405.00",12
Madelene Upcott,Canada,Peanut Butter Cubes,05/07/2022,"$14,763.00",113
Kaine Padly,New Zealand,Eclairs,20/01/2022,"$12,894.00",48
Ches Bonnell,New Zealand,Drinking Coco,16/02/2022,"$8,302.00",131
Curtice Advani,UK,Drinking Coco,12/07/2022,$455.00,174
Kelci Walkden,India,Raspberry Choco,16/06/2022,"$8,183.00",254
Dotty Strutley,Australia,Choco Coated Almonds,13/04/2022,"$1,645.00",284
Kaine Padly,UK,50% Dark Bites,21/02/2022,"$3,143.00",67
Roddy Speechley,Canada,Choco Coated Almonds,11/05/2022,"$5,873.00",249
Ches Bonnell,India,50% Dark Bites,15/04/2022,"$11,298.00",313
Oby Sorrel,Canada,Peanut Butter Cubes,07/06/2022,"$12,425.00",167
Oby Sorrel,UK,White Choc,27/06/2022,"$1,715.00",286
Barr Faughny,India,After Nines,29/07/2022,"$8,190.00",109
Wilone O'Kielt,Canada,Smooth Sliky Salty,02/06/2022,"$4,991.00",166
Rafaelita Blaksland,India,Mint Chip Choco,26/01/2022,"$15,491.00",85
Rafaelita Blaksland,Canada,99% Dark & Pure,02/03/2022,"$5,096.00",142
Van Tuxwell,Australia,70% Dark Bites,10/01/2022,"$7,063.00",104
Beverie Moffet,USA,70% Dark Bites,27/06/2022,"$2,275.00",115
Barr Faughny,Canada,Orange Choco,30/06/2022,"$7,602.00",18
Roddy Speechley,Australia,85% Dark Bars,08/07/2022,"$4,200.00",80
Oby Sorrel,India,Spicy Special Slims,08/06/2022,"$11,137.00",88
Jan Morforth,UK,Manuka Honey Choco,18/08/2022,"$3,388.00",212
Kaine Padly,Australia,After Nines,08/04/2022,"$6,832.00",306
Wilone O'Kielt,Canada,Fruit & Nut Bars,08/08/2022,"$3,437.00",181
Wilone O'Kielt,UK,Milk Bars,26/08/2022,$301.00,65
Oby Sorrel,Canada,Fruit & Nut Bars,14/01/2022,"$1,869.00",158
Dennison Crosswaite,USA,Baker's Choco Chips,11/08/2022,"$17,465.00",271
Madelene Upcott,USA,Almond Choco,31/05/2022,"$10,143.00",24
Van Tuxwell,New Zealand,50% Dark Bites,11/07/2022,"$3,626.00",10
Karlen McCaffrey,Canada,Caramel Stuffed Bars,02/03/2022,"$3,346.00",304
Madelene Upcott,Australia,Raspberry Choco,13/07/2022,"$6,321.00",88
Rafaelita Blaksland,UK,Spicy Special Slims,03/08/2022,"$9,345.00",133
Curtice Advani,UK,Peanut Butter Cubes,01/03/2022,"$15,008.00",165
Kelci Walkden,New Zealand,White Choc,13/04/2022,"$7,609.00",150
Beverie Moffet,Canada,Fruit & Nut Bars,14/02/2022,"$10,332.00",180
Mallorie Waber,India,White Choc,26/07/2022,$819.00,213
Brien Boise,UK,Drinking Coco,27/01/2022,"$5,754.00",133
Jehu Rudeforth,India,Peanut Butter Cubes,14/04/2022,$28.00,446
Oby Sorrel,USA,Almond Choco,19/05/2022,"$6,440.00",141
Husein Augar,India,Eclairs,09/02/2022,"$4,956.00",58
Brien Boise,UK,Spicy Special Slims,25/05/2022,"$2,352.00",58
Oby Sorrel,Australia,Manuka Honey Choco,26/01/2022,"$3,906.00",76
Beverie Moffet,India,White Choc,04/07/2022,"$1,813.00",296
Ches Bonnell,India,Almond Choco,13/04/2022,"$11,788.00",73
Gigi Bohling,Australia,Smooth Sliky Salty,25/01/2022,"$5,768.00",119
Camilla Castle,USA,85% Dark Bars,25/04/2022,"$2,401.00",78
Camilla Castle,USA,Eclairs,10/06/2022,"$4,515.00",392
Madelene Upcott,New Zealand,White Choc,22/08/2022,"$10,794.00",51
Van Tuxwell,India,After Nines,27/06/2022,"$13,706.00",207
Husein Augar,India,Orange Choco,30/06/2022,"$4,361.00",40
Jehu Rudeforth,India,Almond Choco,30/08/2022,"$10,122.00",100
Karlen McCaffrey,Australia,Raspberry Choco,23/08/2022,$994.00,57
Camilla Castle,New Zealand,99% Dark & Pure,26/08/2022,"$2,268.00",42
Gigi Bohling,Australia,Orange Choco,09/03/2022,$574.00,156
Kelci Walkden,UK,Drinking Coco,20/04/2022,"$1,792.00",23
Mallorie Waber,Canada,Caramel Stuffed Bars,10/06/2022,"$4,844.00",539
Husein Augar,Australia,Organic Choco Syrup,08/02/2022,$938.00,158
Brien Boise,Australia,White Choc,25/08/2022,"$4,879.00",22
Dotty Strutley,India,Peanut Butter Cubes,16/02/2022,"$9,107.00",73
Dennison Crosswaite,UK,99% Dark & Pure,30/05/2022,"$12,187.00",27
Gigi Bohling,New Zealand,50% Dark Bites,29/06/2022,"$5,670.00",64
Gigi Bohling,USA,Milk Bars,16/06/2022,$476.00,133
Brien Boise,UK,Caramel Stuffed Bars,04/03/2022,"$2,681.00",149
Curtice Advani,New Zealand,Peanut Butter Cubes,15/03/2022,"$1,533.00",434
Curtice Advani,New Zealand,50% Dark Bites,27/01/2022,"$9,765.00",85
Beverie Moffet,Canada,Drinking Coco,05/07/2022,$994.00,118
Barr Faughny,USA,Caramel Stuffed Bars,29/03/2022,"$3,318.00",299
Mallorie Waber,Canada,Almond Choco,12/05/2022,"$4,214.00",35
Oby Sorrel,USA,Drinking Coco,11/03/2022,"$7,714.00",44
Brien Boise,New Zealand,Eclairs,11/07/2022,"$4,690.00",299
Gunar Cockshoot,New Zealand,Choco Coated Almonds,01/08/2022,"$13,062.00",62
Gunar Cockshoot,UK,Spicy Special Slims,16/02/2022,"$12,488.00",200
Curtice Advani,USA,After Nines,13/04/2022,"$14,147.00",235
Oby Sorrel,India,Choco Coated Almonds,14/02/2022,$49.00,363
Ches Bonnell,Australia,Peanut Butter Cubes,14/03/2022,"$10,199.00",68
Oby Sorrel,Australia,Spicy Special Slims,26/04/2022,"$11,389.00",26
Jehu Rudeforth,Canada,Manuka Honey Choco,05/04/2022,"$3,584.00",200
Camilla Castle,Canada,Drinking Coco,03/03/2022,"$12,481.00",264
Kaine Padly,USA,Spicy Special Slims,13/06/2022,"$2,107.00",175
Marney O'Breen,New Zealand,70% Dark Bites,14/02/2022,"$8,603.00",352
Roddy Speechley,New Zealand,99% Dark & Pure,18/04/2022,"$7,483.00",183
Oby Sorrel,New Zealand,85% Dark Bars,01/02/2022,"$3,381.00",417
Dotty Strutley,New Zealand,Orange Choco,04/08/2022,"$2,030.00",146
Andria Kimpton,New Zealand,Almond Choco,05/04/2022,"$6,559.00",158
Karlen McCaffrey,Australia,99% Dark & Pure,26/01/2022,"$10,822.00",168
Kaine Padly,UK,After Nines,21/01/2022,"$18,697.00",176
Kaine Padly,Canada,After Nines,22/08/2022,"$5,845.00",172
Kaine Padly,UK,Drinking Coco,27/01/2022,"$2,317.00",224
Rafaelita Blaksland,UK,50% Dark Bites,16/02/2022,"$10,150.00",68
Dotty Strutley,USA,Raspberry Choco,03/01/2022,"$3,437.00",46
Karlen McCaffrey,USA,White Choc,24/08/2022,"$4,592.00",2
Oby Sorrel,USA,Spicy Special Slims,07/02/2022,"$5,691.00",417
Mallorie Waber,Australia,Smooth Sliky Salty,11/02/2022,"$4,158.00",109
Kaine Padly,Canada,Organic Choco Syrup,29/03/2022,"$5,684.00",81
Marney O'Breen,USA,Peanut Butter Cubes,15/06/2022,$693.00,350
Dennison Crosswaite,UK,Smooth Sliky Salty,26/04/2022,$546.00,142
Brien Boise,Australia,Organic Choco Syrup,15/07/2022,"$4,263.00",264
Beverie Moffet,India,Organic Choco Syrup,23/06/2022,"$1,036.00",20
Dennison Crosswaite,Australia,Baker's Choco Chips,11/01/2022,"$13,846.00",421
Beverie Moffet,UK,50% Dark Bites,09/02/2022,"$2,499.00",271
Van Tuxwell,UK,Almond Choco,06/06/2022,"$10,689.00",204
Dotty Strutley,UK,Caramel Stuffed Bars,10/08/2022,"$5,768.00",235
Wilone O'Kielt,Australia,Smooth Sliky Salty,04/01/2022,"$2,226.00",46
Andria Kimpton,Canada,70% Dark Bites,08/04/2022,"$10,262.00",15
Barr Faughny,UK,Milk Bars,02/03/2022,"$3,864.00",430
Van Tuxwell,Canada,Drinking Coco,15/06/2022,"$4,900.00",709
Jehu Rudeforth,Australia,After Nines,14/02/2022,"$5,250.00",47
Husein Augar,UK,After Nines,05/07/2022,"$3,507.00",380
Barr Faughny,India,Mint Chip Choco,12/01/2022,"$7,413.00",465
Curtice Advani,India,Mint Chip Choco,03/03/2022,"$8,155.00",96
Jehu Rudeforth,New Zealand,Milk Bars,18/05/2022,"$2,478.00",188
Gunar Cockshoot,India,Caramel Stuffed Bars,28/07/2022,"$2,471.00",202
Curtice Advani,UK,Manuka Honey Choco,07/02/2022,"$1,666.00",106
Andria Kimpton,India,Orange Choco,30/05/2022,$301.00,421
Mallorie Waber,Australia,Raspberry Choco,25/04/2022,"$8,400.00",27
Beverie Moffet,Canada,85% Dark Bars,16/02/2022,"$6,139.00",45
Kelci Walkden,Australia,Drinking Coco,04/05/2022,"$1,288.00",60
Van Tuxwell,Canada,70% Dark Bites,02/06/2022,"$7,077.00",77
Dennison Crosswaite,USA,Caramel Stuffed Bars,11/07/2022,"$2,317.00",464
Beverie Moffet,New Zealand,Spicy Special Slims,07/06/2022,$63.00,60
Jan Morforth,UK,Almond Choco,06/07/2022,"$9,744.00",157
Husein Augar,India,Raspberry Choco,15/06/2022,"$9,954.00",154
Dotty Strutley,India,Mint Chip Choco,14/04/2022,"$1,260.00",239
Camilla Castle,India,Drinking Coco,08/08/2022,$469.00,163
Marney O'Breen,UK,Drinking Coco,29/03/2022,$973.00,28
Roddy Speechley,Australia,Organic Choco Syrup,04/07/2022,"$3,647.00",76
Ches Bonnell,India,99% Dark & Pure,16/02/2022,$455.00,96
Rafaelita Blaksland,Canada,Spicy Special Slims,02/05/2022,"$2,520.00",156
Van Tuxwell,India,Eclairs,21/07/2022,"$10,500.00",106
Gunar Cockshoot,Australia,99% Dark & Pure,18/08/2022,"$7,952.00",235
Kaine Padly,USA,85% Dark Bars,22/06/2022,$483.00,259
Camilla Castle,UK,Peanut Butter Cubes,19/07/2022,"$4,872.00",126
Madelene Upcott,UK,Peanut Butter Cubes,12/08/2022,"$7,756.00",85
Madelene Upcott,USA,Choco Coated Almonds,07/06/2022,"$5,446.00",132
Marney O'Breen,Canada,Peanut Butter Cubes,08/03/2022,"$6,594.00",91
Ches Bonnell,Australia,Choco Coated Almonds,08/04/2022,"$1,470.00",167
Curtice Advani,Canada,Eclairs,06/05/2022,$721.00,203
Roddy Speechley,India,Drinking Coco,31/05/2022,"$4,494.00",11
Van Tuxwell,Australia,Mint Chip Choco,13/01/2022,"$2,674.00",295
Dennison Crosswaite,USA,70% Dark Bites,15/03/2022,$658.00,77
Andria Kimpton,Canada,Peanut Butter Cubes,16/02/2022,"$1,127.00",319
Gigi Bohling,USA,70% Dark Bites,14/01/2022,"$7,364.00",196
Rafaelita Blaksland,Australia,White Choc,21/03/2022,"$6,818.00",102
Roddy Speechley,Canada,Drinking Coco,17/05/2022,"$6,776.00",312
Camilla Castle,New Zealand,85% Dark Bars,08/08/2022,"$15,099.00",55
Madelene Upcott,Canada,Milk Bars,26/04/2022,"$3,612.00",82
Madelene Upcott,Australia,70% Dark Bites,15/04/2022,"$3,710.00",260
Oby Sorrel,Canada,Eclairs,19/05/2022,"$6,111.00",591
Dennison Crosswaite,Canada,Drinking Coco,10/01/2022,"$2,702.00",24
Mallorie Waber,New Zealand,After Nines,04/05/2022,$483.00,228
Roddy Speechley,Canada,White Choc,05/04/2022,"$5,887.00",268
Andria Kimpton,India,After Nines,17/01/2022,$952.00,68
Roddy Speechley,India,Spicy Special Slims,22/03/2022,"$10,647.00",173
Dotty Strutley,Australia,White Choc,05/07/2022,"$6,055.00",93
Oby Sorrel,Canada,Orange Choco,27/04/2022,"$8,757.00",338
Kaine Padly,Canada,Almond Choco,12/08/2022,"$6,055.00",73
Jan Morforth,UK,Baker's Choco Chips,11/03/2022,$721.00,251
Jehu Rudeforth,UK,Fruit & Nut Bars,13/05/2022,"$8,589.00",229
Dennison Crosswaite,USA,Smooth Sliky Salty,12/05/2022,"$11,781.00",91
Brien Boise,USA,Raspberry Choco,12/01/2022,$672.00,194
Madelene Upcott,New Zealand,Milk Bars,29/03/2022,"$12,558.00",403
Roddy Speechley,India,50% Dark Bites,14/03/2022,"$8,337.00",12
Barr Faughny,New Zealand,99% Dark & Pure,24/05/2022,"$8,134.00",195
Dennison Crosswaite,Canada,Organic Choco Syrup,28/01/2022,"$8,491.00",75
Beverie Moffet,India,Almond Choco,24/05/2022,"$3,066.00",96
Brien Boise,Australia,Peanut Butter Cubes,19/08/2022,$301.00,205
Karlen McCaffrey,Australia,Spicy Special Slims,17/05/2022,"$4,410.00",323
Jehu Rudeforth,USA,White Choc,07/06/2022,"$6,559.00",119
Ches Bonnell,Canada,Organic Choco Syrup,26/07/2022,$574.00,217
Dotty Strutley,India,Eclairs,28/07/2022,"$2,086.00",384
Karlen McCaffrey,India,70% Dark Bites,23/05/2022,"$5,075.00",344
Jehu Rudeforth,UK,Mint Chip Choco,04/01/2023,"$5,902.13",178
Van Tuxwell,India,85% Dark Bars,01/08/2023,"$8,074.39",100
Gigi Bohling,India,Peanut Butter Cubes,07/07/2023,"$4,666.18",100
Jan Morforth,Australia,Peanut Butter Cubes,27/04/2023,"$14,103.40",350
Jehu Rudeforth,UK,Peanut Butter Cubes,24/02/2023,"$14,167.84",178
Van Tuxwell,India,Smooth Sliky Salty,06/06/2023,"$5,768.75",37
Oby Sorrel,UK,99% Dark & Pure,25/01/2023,"$14,673.20",175
Gunar Cockshoot,Australia,After Nines,24/03/2023,"$3,249.23",78
Jehu Rudeforth,New Zealand,50% Dark Bites,20/04/2023,"$4,526.24",64
Brien Boise,Australia,99% Dark & Pure,04/07/2023,"$3,166.56",98
Rafaelita Blaksland,UK,Smooth Sliky Salty,13/01/2023,"$4,866.39",65
Barr Faughny,USA,Orange Choco,10/03/2023,"$4,254.37",12
Mallorie Waber,Canada,Eclairs,13/01/2023,"$1,652.61",277
Karlen McCaffrey,New Zealand,Drinking Coco,28/07/2023,$171.49,163
Marney O'Breen,New Zealand,Peanut Butter Cubes,03/08/2023,"$8,549.84",169
Beverie Moffet,Australia,Organic Choco Syrup,26/01/2023,"$7,807.74",355
Van Tuxwell,Canada,Organic Choco Syrup,14/02/2023,"$4,561.43",44
Roddy Speechley,USA,Smooth Sliky Salty,05/04/2023,"$3,041.12",148
Beverie Moffet,Canada,Milk Bars,16/02/2023,"$9,786.09",248
Curtice Advani,UK,85% Dark Bars,08/06/2023,"$1,131.25",175
Brien Boise,Australia,Eclairs,27/06/2023,"$7,484.07",94
Gunar Cockshoot,USA,Spicy Special Slims,17/02/2023,"$1,339.61",166
Marney O'Breen,USA,After Nines,30/05/2023,"$5,481.18",159
Husein Augar,UK,Drinking Coco,14/03/2023,"$3,275.40",120
Kaine Padly,Australia,Eclairs,28/02/2023,"$7,677.78",118
Karlen McCaffrey,India,Fruit & Nut Bars,26/01/2023,$189.37,315
Roddy Speechley,Canada,Spicy Special Slims,09/02/2023,"$1,658.79",193
Husein Augar,USA,Eclairs,07/07/2023,"$4,168.93",122
Dennison Crosswaite,New Zealand,White Choc,05/07/2023,"$10,604.89",165
Dennison Crosswaite,New Zealand,Manuka Honey Choco,15/06/2023,"$5,773.51",325
Van Tuxwell,New Zealand,85% Dark Bars,24/05/2023,"$1,838.78",121
Rafaelita Blaksland,UK,99% Dark & Pure,29/06/2023,"$12,643.10",150
Wilone O'Kielt,Australia,Manuka Honey Choco,11/05/2023,"$4,439.52",95
Karlen McCaffrey,UK,Almond Choco,30/06/2023,"$7,698.60",126
Andria Kimpton,Canada,After Nines,11/05/2023,"$2,222.30",77
Roddy Speechley,USA,Manuka Honey Choco,22/07/2023,"$10,959.02",302
Andria Kimpton,UK,50% Dark Bites,24/08/2023,"$2,854.85",337
Kelci Walkden,New Zealand,After Nines,07/07/2023,$147.82,74
Camilla Castle,Australia,85% Dark Bars,19/05/2023,"$3,790.51",14
Karlen McCaffrey,India,Manuka Honey Choco,04/07/2023,"$2,487.19",583
Kelci Walkden,USA,After Nines,02/06/2023,"$1,021.27",17
Karlen McCaffrey,USA,Raspberry Choco,15/04/2023,"$15,370.06",353
Mallorie Waber,Canada,Choco Coated Almonds,11/07/2023,"$5,345.58",250
Andria Kimpton,India,Spicy Special Slims,23/02/2023,"$6,559.44",154
Madelene Upcott,Canada,Almond Choco,22/08/2023,"$8,282.93",107
Kaine Padly,USA,Peanut Butter Cubes,16/02/2023,"$6,981.40",189
Van Tuxwell,USA,50% Dark Bites,13/01/2023,"$10,280.17",155
Curtice Advani,Australia,Milk Bars,14/02/2023,"$7,703.62",20
Roddy Speechley,India,Eclairs,10/06/2023,"$4,489.81",310
Curtice Advani,India,Fruit & Nut Bars,07/07/2023,"$5,806.11",190
Curtice Advani,Canada,Almond Choco,24/03/2023,"$5,148.70",76
Brien Boise,Australia,Fruit & Nut Bars,06/06/2023,"$8,558.59",24
Dotty Strutley,Australia,Drinking Coco,19/07/2023,$94.19,145
Beverie Moffet,USA,Raspberry Choco,19/04/2023,"$16,223.83",87
Marney O'Breen,India,85% Dark Bars,19/07/2023,"$2,439.06",175
Jehu Rudeforth,Canada,Drinking Coco,15/07/2023,$466.65,23
Ches Bonnell,New Zealand,Spicy Special Slims,14/02/2023,"$4,044.24",18
Brien Boise,Canada,99% Dark & Pure,18/05/2023,"$17,675.28",446
Barr Faughny,Australia,Fruit & Nut Bars,30/06/2023,"$17,280.98",58
Andria Kimpton,Australia,50% Dark Bites,02/06/2023,"$5,091.78",219
Andria Kimpton,Australia,Drinking Coco,28/06/2023,"$1,657.20",49
Marney O'Breen,Australia,Organic Choco Syrup,16/05/2023,$305.79,189
Kelci Walkden,Canada,Baker's Choco Chips,26/05/2023,"$3,377.41",325
Karlen McCaffrey,India,Almond Choco,06/07/2023,"$6,188.62",157
Oby Sorrel,India,99% Dark & Pure,27/05/2023,"$10,914.36",11
Wilone O'Kielt,Australia,Caramel Stuffed Bars,14/04/2023,"$2,342.07",12
Van Tuxwell,Australia,Organic Choco Syrup,10/08/2023,"$21,762.80",15
Camilla Castle,India,50% Dark Bites,04/07/2023,"$10,539.54",398
Oby Sorrel,India,Organic Choco Syrup,08/07/2023,"$6,665.87",60
Jan Morforth,USA,Peanut Butter Cubes,22/07/2023,"$9,605.11",98
Gigi Bohling,USA,Choco Coated Almonds,02/03/2023,"$13,018.00",103
Gigi Bohling,UK,Almond Choco,10/01/2023,"$6,046.40",10
Jehu Rudeforth,New Zealand,White Choc,11/03/2023,"$3,078.33",231
Andria Kimpton,New Zealand,Peanut Butter Cubes,20/06/2023,$970.96,291
Van Tuxwell,UK,Organic Choco Syrup,26/08/2023,"$2,064.71",208
Roddy Speechley,Canada,Milk Bars,13/07/2023,$679.94,34
Camilla Castle,USA,Spicy Special Slims,11/02/2023,"$1,311.25",251
Marney O'Breen,USA,Orange Choco,27/01/2023,"$8,692.64",184
Van Tuxwell,UK,99% Dark & Pure,31/01/2023,"$4,993.21",145
Camilla Castle,USA,White Choc,18/08/2023,"$10,898.19",24
Andria Kimpton,USA,Raspberry Choco,30/06/2023,"$15,565.91",21
Dotty Strutley,Australia,Fruit & Nut Bars,23/08/2023,$280.59,328
Brien Boise,New Zealand,Mint Chip Choco,01/08/2023,$66.35,197
Roddy Speechley,New Zealand,After Nines,25/05/2023,"$8,766.45",10
Roddy Speechley,Canada,Organic Choco Syrup,10/01/2023,"$4,265.48",85
Dennison Crosswaite,Australia,70% Dark Bites,07/02/2023,"$6,087.53",113
Karlen McCaffrey,USA,Orange Choco,12/05/2023,"$11,694.48",425
Madelene Upcott,Australia,Spicy Special Slims,07/03/2023,"$7,616.38",392
Dennison Crosswaite,Australia,85% Dark Bars,05/04/2023,"$7,807.02",419
Andria Kimpton,Canada,Caramel Stuffed Bars,03/01/2023,"$7,990.91",343
Dennison Crosswaite,UK,Eclairs,24/03/2023,"$6,757.17",276
Madelene Upcott,India,Raspberry Choco,07/07/2023,"$4,409.21",10
Van Tuxwell,USA,After Nines,26/07/2023,$722.25,255
Wilone O'Kielt,Australia,Organic Choco Syrup,07/07/2023,"$1,896.24",115
Karlen McCaffrey,Canada,50% Dark Bites,15/07/2023,"$2,966.83",65
Roddy Speechley,New Zealand,Orange Choco,01/04/2023,$51.29,100
Beverie Moffet,Australia,Eclairs,20/06/2023,"$1,835.42",6
Kelci Walkden,UK,Fruit & Nut Bars,29/06/2023,"$14,592.11",509
Marney O'Breen,USA,50% Dark Bites,15/06/2023,"$1,114.13",106
Husein Augar,USA,After Nines,08/04/2023,"$13,051.75",193
Dennison Crosswaite,Australia,Raspberry Choco,14/03/2023,"$5,997.71",31
Andria Kimpton,USA,Fruit & Nut Bars,15/07/2023,"$1,588.28",352
Kelci Walkden,India,Eclairs,19/04/2023,"$5,344.21",80
Marney O'Breen,USA,99% Dark & Pure,28/03/2023,"$4,646.91",317
Brien Boise,Canada,Spicy Special Slims,04/03/2023,"$8,929.88",100
Karlen McCaffrey,New Zealand,70% Dark Bites,02/08/2023,$141.23,38
Husein Augar,UK,Spicy Special Slims,25/08/2023,"$5,068.99",45
Marney O'Breen,USA,Almond Choco,25/02/2023,"$8,012.72",163
Kelci Walkden,India,Orange Choco,07/06/2023,"$10,587.71",134
Jan Morforth,India,Spicy Special Slims,12/04/2023,"$2,155.62",495
Ches Bonnell,India,Spicy Special Slims,06/07/2023,"$11,010.43",103
Kelci Walkden,UK,Smooth Sliky Salty,19/01/2023,"$6,787.72",192
Madelene Upcott,Australia,Fruit & Nut Bars,05/01/2023,"$5,715.07",90
Madelene Upcott,Canada,70% Dark Bites,24/01/2023,"$12,100.65",142
Wilone O'Kielt,Australia,Drinking Coco,06/04/2023,$623.75,285
Gunar Cockshoot,Australia,Fruit & Nut Bars,15/06/2023,"$6,528.42",22
Gigi Bohling,Canada,Baker's Choco Chips,28/01/2023,"$1,540.55",47
Kelci Walkden,India,Caramel Stuffed Bars,16/03/2023,$487.06,123
Rafaelita Blaksland,Australia,Drinking Coco,21/02/2023,"$11,630.38",431
Kelci Walkden,USA,Manuka Honey Choco,16/02/2023,"$17,297.66",96
Jehu Rudeforth,Canada,Spicy Special Slims,13/01/2023,"$2,043.55",28
Kelci Walkden,Australia,Eclairs,23/03/2023,"$8,168.86",570
Curtice Advani,Canada,Spicy Special Slims,16/06/2023,$933.45,122
Oby Sorrel,India,Raspberry Choco,14/04/2023,"$6,826.32",44
Kelci Walkden,UK,Eclairs,25/01/2023,"$5,029.35",61
Jan Morforth,India,Almond Choco,11/03/2023,"$5,143.49",21
Dotty Strutley,UK,Almond Choco,28/07/2023,"$16,707.88",102
Marney O'Breen,New Zealand,After Nines,09/03/2023,"$1,558.87",46
Husein Augar,Australia,Orange Choco,28/06/2023,"$9,332.76",196
Marney O'Breen,Australia,Milk Bars,28/07/2023,"$2,673.47",375
Kelci Walkden,Canada,99% Dark & Pure,15/08/2023,"$4,950.21",54
Kaine Padly,Australia,Manuka Honey Choco,12/01/2023,"$2,919.11",271
Beverie Moffet,New Zealand,White Choc,24/03/2023,"$8,003.23",7
Van Tuxwell,UK,Milk Bars,25/07/2023,"$4,902.78",91
Oby Sorrel,Canada,99% Dark & Pure,01/08/2023,"$4,033.53",430
Van Tuxwell,India,Organic Choco Syrup,16/05/2023,"$22,751.18",182
Roddy Speechley,India,Smooth Sliky Salty,10/08/2023,"$5,118.11",137
Jan Morforth,India,Eclairs,05/01/2023,"$2,835.90",26
Ches Bonnell,UK,Smooth Sliky Salty,11/07/2023,"$5,828.22",121
Wilone O'Kielt,USA,After Nines,25/04/2023,$396.19,32
Gigi Bohling,New Zealand,Fruit & Nut Bars,04/04/2023,"$11,226.50",118
Barr Faughny,USA,Raspberry Choco,12/04/2023,"$10,102.86",107
Wilone O'Kielt,New Zealand,85% Dark Bars,02/08/2023,"$2,084.86",119
Gigi Bohling,New Zealand,Manuka Honey Choco,28/06/2023,"$8,495.79",268
Ches Bonnell,Australia,Eclairs,05/07/2023,"$4,248.34",130
Rafaelita Blaksland,New Zealand,Choco Coated Almonds,07/06/2023,"$2,236.11",46
Brien Boise,New Zealand,Smooth Sliky Salty,18/01/2023,"$1,124.27",26
Brien Boise,Australia,Baker's Choco Chips,04/01/2023,"$12,870.47",227
Dennison Crosswaite,Australia,99% Dark & Pure,31/01/2023,"$3,017.66",19
Kelci Walkden,India,Almond Choco,14/03/2023,"$3,574.12",149
Camilla Castle,Australia,70% Dark Bites,29/04/2023,"$6,249.31",509
Oby Sorrel,India,Smooth Sliky Salty,07/02/2023,"$10,759.61",107
Kaine Padly,UK,Organic Choco Syrup,31/03/2023,"$2,508.03",175
Marney O'Breen,India,Caramel Stuffed Bars,16/03/2023,"$4,997.82",83
Karlen McCaffrey,UK,Eclairs,25/01/2023,"$7,901.09",200
Van Tuxwell,India,Baker's Choco Chips,20/06/2023,"$3,133.42",479
Gigi Bohling,UK,After Nines,29/03/2023,"$8,320.29",171
Curtice Advani,Australia,Orange Choco,12/07/2023,$909.93,132
Jehu Rudeforth,Canada,Smooth Sliky Salty,11/07/2023,"$5,631.26",142
Karlen McCaffrey,Canada,Smooth Sliky Salty,19/01/2023,"$3,283.44",186
Andria Kimpton,USA,85% Dark Bars,05/04/2023,"$9,458.03",87
Jehu Rudeforth,Canada,Milk Bars,21/02/2023,"$7,726.25",12
Rafaelita Blaksland,New Zealand,Caramel Stuffed Bars,20/05/2023,"$14,369.40",15
Mallorie Waber,Australia,Milk Bars,29/07/2023,"$2,829.57",106
Barr Faughny,USA,Fruit & Nut Bars,28/01/2023,"$9,370.61",45
Marney O'Breen,UK,Caramel Stuffed Bars,19/07/2023,"$3,651.49",112
Mallorie Waber,New Zealand,Manuka Honey Choco,13/04/2023,"$10,229.99",12
Roddy Speechley,India,Peanut Butter Cubes,11/02/2023,"$11,596.89",22
Roddy Speechley,New Zealand,Milk Bars,02/03/2023,"$5,857.90",111
Ches Bonnell,Australia,White Choc,02/03/2023,"$1,177.64",206
Van Tuxwell,USA,99% Dark & Pure,28/07/2023,"$12,930.11",6
Kelci Walkden,India,After Nines,07/01/2023,"$1,732.04",531
Brien Boise,UK,White Choc,12/04/2023,"$5,837.17",173
Van Tuxwell,Canada,Almond Choco,27/06/2023,"$3,424.66",70
Jehu Rudeforth,Australia,50% Dark Bites,14/01/2023,"$5,700.28",422
Karlen McCaffrey,UK,Baker's Choco Chips,07/02/2023,"$5,094.48",373
Jehu Rudeforth,Australia,Orange Choco,23/03/2023,"$14,529.20",26
Marney O'Breen,India,Peanut Butter Cubes,10/01/2023,"$6,761.28",145
Oby Sorrel,UK,Choco Coated Almonds,17/03/2023,"$10,370.44",44
Gigi Bohling,USA,Spicy Special Slims,21/01/2023,"$12,450.24",57
Barr Faughny,Australia,White Choc,04/07/2023,"$8,927.63",386
Kaine Padly,Canada,Peanut Butter Cubes,04/07/2023,"$3,438.70",191
Dotty Strutley,USA,Manuka Honey Choco,10/08/2023,$299.71,207
Dennison Crosswaite,Australia,50% Dark Bites,01/04/2023,"$7,374.26",12
Gigi Bohling,India,Raspberry Choco,22/02/2023,"$2,775.87",174
Camilla Castle,UK,White Choc,03/01/2023,"$9,957.66",194
Karlen McCaffrey,India,Drinking Coco,31/05/2023,"$5,064.88",251
Dotty Strutley,UK,99% Dark & Pure,03/01/2023,"$9,865.05",273
Husein Augar,New Zealand,Caramel Stuffed Bars,27/01/2023,$571.52,489
Barr Faughny,UK,50% Dark Bites,28/01/2023,$656.44,67
Curtice Advani,Australia,Organic Choco Syrup,28/06/2023,"$4,008.93",301
Husein Augar,UK,Choco Coated Almonds,02/03/2023,"$4,679.06",43
Wilone O'Kielt,Australia,After Nines,27/05/2023,"$3,446.84",28
Dennison Crosswaite,USA,Almond Choco,30/06/2023,"$11,884.52",82
Barr Faughny,Canada,Peanut Butter Cubes,07/06/2023,"$2,167.19",85
Kaine Padly,USA,70% Dark Bites,12/05/2023,"$4,199.84",107
Barr Faughny,New Zealand,Raspberry Choco,29/07/2023,"$7,358.70",68
Dennison Crosswaite,UK,White Choc,03/08/2023,"$7,870.09",274
Barr Faughny,India,Baker's Choco Chips,18/08/2023,"$7,454.25",148
Van Tuxwell,New Zealand,Smooth Sliky Salty,14/06/2023,"$3,112.30",41
Beverie Moffet,UK,White Choc,30/06/2023,"$6,901.22",80
Camilla Castle,New Zealand,Mint Chip Choco,13/06/2023,"$1,178.00",199
Ches Bonnell,UK,Orange Choco,27/04/2023,"$14,953.83",53
Jan Morforth,Australia,White Choc,27/07/2023,"$3,958.57",33
Mallorie Waber,Canada,85% Dark Bars,20/04/2023,"$1,639.01",430
Rafaelita Blaksland,India,Spicy Special Slims,04/01/2023,"$8,586.04",144
Ches Bonnell,Australia,Mint Chip Choco,21/02/2023,"$10,000.22",98
Karlen McCaffrey,Australia,White Choc,05/01/2023,"$8,448.39",52
Beverie Moffet,India,Drinking Coco,15/07/2023,"$6,984.74",51
Brien Boise,Australia,Choco Coated Almonds,25/05/2023,"$5,641.54",61
Karlen McCaffrey,Canada,Eclairs,20/04/2023,"$3,850.87",372
Gigi Bohling,USA,99% Dark & Pure,02/06/2023,$885.68,240
Marney O'Breen,UK,Smooth Sliky Salty,13/05/2023,"$21,251.67",91
Beverie Moffet,New Zealand,Baker's Choco Chips,03/08/2023,"$1,452.61",142
Beverie Moffet,Australia,Milk Bars,25/05/2023,$793.17,400
Van Tuxwell,UK,Raspberry Choco,16/03/2023,"$7,152.22",83
Jan Morforth,Australia,Orange Choco,04/07/2023,"$3,364.44",126
Jehu Rudeforth,India,50% Dark Bites,05/07/2023,"$3,470.60",129
Madelene Upcott,USA,After Nines,15/03/2023,"$4,676.32",440
Barr Faughny,UK,Raspberry Choco,22/08/2023,"$6,323.45",70
Ches Bonnell,Australia,70% Dark Bites,12/01/2023,"$3,252.70",119
Marney O'Breen,UK,Baker's Choco Chips,10/06/2023,$254.16,161
Kaine Padly,Australia,Peanut Butter Cubes,25/03/2023,"$6,127.37",299
Rafaelita Blaksland,India,Almond Choco,27/07/2023,"$3,791.66",100
Husein Augar,UK,Caramel Stuffed Bars,15/04/2023,"$17,059.69",456
Roddy Speechley,India,Orange Choco,27/06/2023,"$4,154.44",18
Jehu Rudeforth,UK,70% Dark Bites,14/04/2023,"$6,168.51",280
Husein Augar,Australia,Manuka Honey Choco,15/03/2023,"$7,984.45",95
Madelene Upcott,USA,Eclairs,18/03/2023,"$9,108.33",213
Brien Boise,India,Eclairs,29/04/2023,"$1,511.51",58
Mallorie Waber,New Zealand,White Choc,25/02/2023,"$3,364.28",265
Husein Augar,USA,Milk Bars,02/03/2023,$934.49,54
Van Tuxwell,Australia,Milk Bars,20/06/2023,"$8,895.70",91
Beverie Moffet,Canada,White Choc,15/07/2023,"$9,957.20",185
Dotty Strutley,Australia,50% Dark Bites,12/05/2023,"$3,359.18",256
Mallorie Waber,New Zealand,Organic Choco Syrup,01/07/2023,"$5,098.29",276
Husein Augar,USA,85% Dark Bars,08/08/2023,$398.28,52
Madelene Upcott,Australia,50% Dark Bites,25/07/2023,"$7,473.14",6
Wilone O'Kielt,UK,Drinking Coco,18/05/2023,"$3,638.66",59
Camilla Castle,India,Peanut Butter Cubes,15/07/2023,"$12,507.08",284
Curtice Advani,India,70% Dark Bites,05/07/2023,"$2,393.79",48
Mallorie Waber,USA,Manuka Honey Choco,04/07/2023,"$6,136.99",94
Dotty Strutley,UK,70% Dark Bites,20/06/2023,"$1,264.43",232
Gunar Cockshoot,Australia,Almond Choco,25/01/2023,"$4,101.26",425
Kaine Padly,New Zealand,Spicy Special Slims,01/07/2023,"$8,106.88",40
Gigi Bohling,USA,50% Dark Bites,13/04/2023,"$2,456.10",58
Beverie Moffet,UK,Smooth Sliky Salty,04/05/2023,"$4,726.60",75
Beverie Moffet,Australia,Baker's Choco Chips,04/08/2023,"$3,482.73",108
Beverie Moffet,India,70% Dark Bites,01/06/2023,$467.19,159
Jehu Rudeforth,UK,Choco Coated Almonds,22/04/2023,"$4,875.38",185
Kaine Padly,USA,50% Dark Bites,03/08/2023,$70.60,27
Ches Bonnell,USA,Orange Choco,10/06/2023,"$1,835.22",73
Gunar Cockshoot,UK,Manuka Honey Choco,27/06/2023,"$7,304.74",49
Marney O'Breen,Australia,Smooth Sliky Salty,03/01/2023,"$3,967.85",163
Marney O'Breen,India,After Nines,11/07/2023,"$2,800.67",190
Ches Bonnell,New Zealand,Milk Bars,17/08/2023,"$4,474.52",120
Rafaelita Blaksland,USA,Fruit & Nut Bars,18/01/2023,"$2,737.03",63
Ches Bonnell,India,Organic Choco Syrup,08/03/2023,"$16,717.26",102
Mallorie Waber,Australia,Orange Choco,07/03/2023,"$16,112.73",282
Husein Augar,India,70% Dark Bites,09/05/2023,"$6,898.00",163
Barr Faughny,New Zealand,85% Dark Bars,23/05/2023,"$2,151.04",170
Madelene Upcott,UK,Caramel Stuffed Bars,15/04/2023,$172.51,152
Gigi Bohling,Australia,Drinking Coco,27/07/2023,"$2,949.02",153
Marney O'Breen,Canada,Choco Coated Almonds,22/08/2023,"$2,790.72",435
Ches Bonnell,USA,70% Dark Bites,11/05/2023,"$5,054.42",127
Madelene Upcott,India,Organic Choco Syrup,26/01/2023,"$5,418.75",37
Barr Faughny,USA,50% Dark Bites,14/04/2023,"$14,604.67",128
Dennison Crosswaite,New Zealand,Mint Chip Choco,05/04/2023,"$6,668.93",419
Marney O'Breen,New Zealand,Smooth Sliky Salty,14/06/2023,"$9,689.70",58
Brien Boise,Canada,Almond Choco,13/04/2023,"$5,026.81",123
Beverie Moffet,Australia,White Choc,27/06/2023,"$2,379.01",178
Dotty Strutley,Australia,Eclairs,26/01/2023,"$7,770.55",3
Barr Faughny,UK,White Choc,05/07/2023,"$1,837.47",77
Beverie Moffet,Canada,Baker's Choco Chips,11/01/2023,"$14,625.75",90
Kelci Walkden,USA,White Choc,07/03/2023,"$10,305.40",22
Kaine Padly,Canada,50% Dark Bites,04/03/2023,"$8,798.99",99
Karlen McCaffrey,Canada,Organic Choco Syrup,15/07/2023,"$2,466.59",309
Kaine Padly,UK,Peanut Butter Cubes,11/05/2023,"$6,564.20",92
Karlen McCaffrey,USA,Milk Bars,27/01/2023,"$4,764.56",7
Karlen McCaffrey,India,Orange Choco,27/06/2023,"$3,172.08",153
Ches Bonnell,India,Smooth Sliky Salty,03/08/2023,"$8,062.00",20
Wilone O'Kielt,New Zealand,Mint Chip Choco,19/08/2023,"$12,382.41",245
Wilone O'Kielt,Australia,Fruit & Nut Bars,15/06/2023,$413.60,111
Dennison Crosswaite,UK,Peanut Butter Cubes,07/02/2023,"$10,186.18",154
Karlen McCaffrey,Australia,Almond Choco,08/07/2023,"$7,936.84",138
Dennison Crosswaite,India,Milk Bars,21/04/2023,"$1,712.72",93
Ches Bonnell,UK,Mint Chip Choco,08/04/2023,"$3,088.98",226
Husein Augar,Australia,50% Dark Bites,19/08/2023,"$14,953.43",51
Jan Morforth,India,Fruit & Nut Bars,04/05/2023,"$3,219.13",54
Mallorie Waber,USA,85% Dark Bars,11/05/2023,"$2,700.61",112
Mallorie Waber,USA,Eclairs,22/03/2023,"$7,219.96",53
Dennison Crosswaite,Canada,Spicy Special Slims,10/08/2023,"$2,634.13",234
Dennison Crosswaite,USA,Fruit & Nut Bars,04/05/2023,"$1,630.95",321
Kelci Walkden,USA,99% Dark & Pure,18/08/2023,"$8,250.66",258
Dotty Strutley,Canada,Raspberry Choco,03/08/2023,"$4,849.30",248
Marney O'Breen,New Zealand,Milk Bars,14/01/2023,"$7,940.49",328
Madelene Upcott,Australia,Choco Coated Almonds,08/04/2023,"$2,106.93",69
Kelci Walkden,UK,Orange Choco,01/08/2023,"$3,911.85",3
Dennison Crosswaite,Canada,Eclairs,15/03/2023,$483.04,45
Karlen McCaffrey,India,Mint Chip Choco,15/07/2023,"$11,380.70",192
Barr Faughny,New Zealand,Almond Choco,13/01/2023,"$6,372.68",131
Mallorie Waber,Australia,85% Dark Bars,26/08/2023,"$2,714.76",52
Ches Bonnell,Canada,Eclairs,10/01/2023,"$2,106.17",172
Gigi Bohling,Australia,White Choc,11/05/2023,"$5,805.24",83
Beverie Moffet,New Zealand,85% Dark Bars,30/08/2023,"$12,205.52",23
Kaine Padly,USA,Caramel Stuffed Bars,21/07/2023,"$6,318.70",124
Mallorie Waber,Australia,Almond Choco,01/08/2023,"$8,522.80",137
Brien Boise,Canada,85% Dark Bars,17/02/2023,"$10,315.88",268
Brien Boise,Australia,Drinking Coco,27/07/2023,"$7,262.12",158
Dotty Strutley,USA,Orange Choco,23/02/2023,"$1,414.84",112
Rafaelita Blaksland,Australia,50% Dark Bites,22/03/2023,"$3,067.90",42
Dennison Crosswaite,India,99% Dark & Pure,23/06/2023,"$7,369.69",325
Curtice Advani,UK,White Choc,01/02/2023,"$1,775.18",73
Kelci Walkden,Australia,After Nines,02/03/2023,"$7,683.78",279
Gigi Bohling,UK,Fruit & Nut Bars,06/04/2023,"$1,412.22",90
Gunar Cockshoot,Australia,Raspberry Choco,17/03/2023,$607.08,76
Curtice Advani,UK,Fruit & Nut Bars,24/06/2023,"$11,688.75",136
Barr Faughny,Canada,50% Dark Bites,19/07/2023,"$10,275.55",301
Curtice Advani,USA,Spicy Special Slims,11/07/2023,"$1,788.10",271
Brien Boise,India,Almond Choco,13/01/2023,"$2,378.08",222
Oby Sorrel,New Zealand,Smooth Sliky Salty,07/07/2023,"$9,545.03",64
Jan Morforth,India,85% Dark Bars,25/05/2023,"$4,999.52",446
Marney O'Breen,India,Fruit & Nut Bars,13/04/2023,"$5,312.50",160
Andria Kimpton,New Zealand,50% Dark Bites,02/03/2023,"$3,750.88",208
Gunar Cockshoot,Canada,Raspberry Choco,23/06/2023,"$2,375.74",129
Kelci Walkden,USA,Drinking Coco,26/07/2023,"$7,013.61",170
Van Tuxwell,Canada,White Choc,22/03/2023,$481.52,3
Rafaelita Blaksland,USA,Baker's Choco Chips,09/06/2023,"$3,136.92",64
Van Tuxwell,Australia,Caramel Stuffed Bars,17/05/2023,"$6,584.26",62
Ches Bonnell,New Zealand,Peanut Butter Cubes,04/03/2023,"$1,024.77",260
Kelci Walkden,Canada,Milk Bars,07/07/2023,"$17,680.19",27
Dennison Crosswaite,Canada,Choco Coated Almonds,13/01/2023,"$10,707.82",124
Curtice Advani,Australia,Almond Choco,13/07/2023,"$3,019.09",78
Madelene Upcott,Australia,85% Dark Bars,16/06/2023,"$1,758.62",329
Gigi Bohling,UK,50% Dark Bites,18/07/2023,"$8,385.38",73
Ches Bonnell,UK,Manuka Honey Choco,30/05/2023,"$4,854.12",411
Gigi Bohling,UK,70% Dark Bites,21/06/2023,$949.18,83
Jehu Rudeforth,Australia,Peanut Butter Cubes,24/06/2023,"$6,047.05",40
Marney O'Breen,India,Eclairs,13/01/2023,"$3,883.32",94
Curtice Advani,Canada,Fruit & Nut Bars,04/04/2023,"$4,382.07",210
Kaine Padly,UK,Smooth Sliky Salty,08/06/2023,"$9,928.10",599
Karlen McCaffrey,Canada,Spicy Special Slims,02/08/2023,"$6,315.53",51
Kelci Walkden,USA,Organic Choco Syrup,21/07/2023,"$10,630.08",155
Curtice Advani,India,Spicy Special Slims,20/06/2023,$167.33,143
Roddy Speechley,India,After Nines,22/06/2023,"$2,690.14",117
Camilla Castle,Australia,Caramel Stuffed Bars,02/05/2023,"$3,242.04",15
Curtice Advani,Australia,99% Dark & Pure,07/01/2023,"$5,363.69",87
Mallorie Waber,UK,50% Dark Bites,21/02/2023,"$6,160.89",95
Ches Bonnell,Canada,Baker's Choco Chips,21/03/2023,"$7,968.23",373
Van Tuxwell,UK,Drinking Coco,04/04/2023,"$6,388.95",131
Gunar Cockshoot,Canada,Fruit & Nut Bars,24/03/2023,"$15,840.74",216
Gunar Cockshoot,New Zealand,Spicy Special Slims,28/06/2023,"$7,265.05",194
Gunar Cockshoot,Australia,Drinking Coco,14/01/2023,"$2,342.49",192
Karlen McCaffrey,New Zealand,Fruit & Nut Bars,07/02/2023,"$1,365.88",147
Dennison Crosswaite,New Zealand,Drinking Coco,11/01/2023,"$4,437.46",196
Jehu Rudeforth,India,99% Dark & Pure,25/02/2023,"$2,072.24",232
Dotty Strutley,Australia,Mint Chip Choco,01/08/2023,"$7,091.81",27
Roddy Speechley,Australia,Mint Chip Choco,05/05/2023,"$7,213.16",277
Madelene Upcott,New Zealand,Raspberry Choco,18/05/2023,"$9,672.76",411
Dotty Strutley,New Zealand,Choco Coated Almonds,04/01/2023,"$5,750.05",350
Roddy Speechley,New Zealand,50% Dark Bites,09/05/2023,"$4,641.29",220
Rafaelita Blaksland,India,Smooth Sliky Salty,06/05/2023,"$1,871.33",88
Husein Augar,UK,White Choc,13/01/2023,"$10,843.46",142
Roddy Speechley,Australia,Almond Choco,24/06/2023,"$5,032.45",79
Van Tuxwell,USA,Caramel Stuffed Bars,14/02/2023,"$1,106.38",21
Camilla Castle,Australia,99% Dark & Pure,18/01/2023,"$4,977.55",97
Kaine Padly,India,Milk Bars,02/05/2023,"$3,210.14",92
Ches Bonnell,Australia,Smooth Sliky Salty,16/05/2023,"$7,794.80",54
Mallorie Waber,USA,Almond Choco,28/01/2023,"$7,613.37",370
Kaine Padly,Canada,99% Dark & Pure,24/06/2023,"$1,332.76",409
Oby Sorrel,UK,After Nines,18/07/2023,"$2,587.76",108
Gunar Cockshoot,UK,Eclairs,13/04/2023,"$3,826.22",169
Dotty Strutley,USA,Caramel Stuffed Bars,15/04/2023,"$18,687.87",80
Jan Morforth,India,Peanut Butter Cubes,04/01/2023,"$8,859.63",184
Husein Augar,Australia,Eclairs,04/07/2023,"$7,299.40",34
Beverie Moffet,USA,Smooth Sliky Salty,24/03/2023,"$2,556.26",354
Camilla Castle,Australia,Manuka Honey Choco,17/03/2023,$703.40,181
Oby Sorrel,Australia,Almond Choco,15/02/2023,"$6,421.18",242
Jan Morforth,USA,Orange Choco,29/06/2023,"$1,048.26",149
Gigi Bohling,USA,Fruit & Nut Bars,24/05/2023,"$3,099.14",115
Mallorie Waber,UK,Milk Bars,10/01/2023,"$3,737.68",282
Curtice Advani,USA,Raspberry Choco,15/03/2023,"$3,086.89",153
Marney O'Breen,Canada,Milk Bars,08/02/2023,"$2,618.15",312
Brien Boise,India,Caramel Stuffed Bars,25/02/2023,"$1,643.45",110
Gunar Cockshoot,USA,Eclairs,03/05/2023,"$7,368.94",45
Roddy Speechley,USA,Fruit & Nut Bars,14/06/2023,"$6,082.19",23
Gunar Cockshoot,India,50% Dark Bites,09/08/2023,"$14,456.14",79
Wilone O'Kielt,New Zealand,Manuka Honey Choco,11/07/2023,"$4,173.40",254
Kaine Padly,UK,Manuka Honey Choco,14/01/2023,"$7,189.18",113
Van Tuxwell,Canada,Manuka Honey Choco,24/02/2023,"$8,962.96",48
Wilone O'Kielt,New Zealand,Almond Choco,15/03/2023,"$10,085.02",146
Oby Sorrel,New Zealand,Baker's Choco Chips,25/04/2023,"$12,073.18",51
Dennison Crosswaite,Australia,Organic Choco Syrup,10/05/2023,"$6,655.62",39
Marney O'Breen,Australia,Spicy Special Slims,23/06/2023,"$14,193.67",302
Beverie Moffet,Canada,Smooth Sliky Salty,28/02/2023,"$15,507.29",352
Brien Boise,USA,Organic Choco Syrup,25/05/2023,"$17,383.08",145
Roddy Speechley,New Zealand,Baker's Choco Chips,22/02/2023,"$5,912.59",232
Van Tuxwell,UK,85% Dark Bars,11/07/2023,"$4,029.28",128
Marney O'Breen,Canada,Spicy Special Slims,03/01/2023,"$3,563.09",344
Rafaelita Blaksland,New Zealand,70% Dark Bites,24/08/2023,$773.73,280
Beverie Moffet,USA,50% Dark Bites,28/07/2023,"$2,620.19",340
Brien Boise,USA,Mint Chip Choco,25/05/2023,"$11,426.56",151
Karlen McCaffrey,New Zealand,Eclairs,06/05/2023,"$2,935.80",171
Barr Faughny,India,Drinking Coco,28/01/2023,"$2,431.53",148
Marney O'Breen,UK,Orange Choco,06/06/2023,"$11,882.82",13
Brien Boise,New Zealand,Baker's Choco Chips,12/07/2023,"$6,297.06",26